DocID,Title,MainCategory,Category,Generation,Skip,URL
c06002143,WW RPO - HP Value Barcode Scanner - 9/19 - EN,RIS,Scanner,,Yes,https://www8.hp.com/h20195/v2/GetDocument.aspx?docname=c06002143
c05935170,WW NB - HP ProBook 640 G4 - 01/19 - EN,Notebooks,ProBook,G4,Yes,https://www8.hp.com/h20195/v2/GetDocument.aspx?docname=c05935170
c05935171,WW NB - HP ProBook 650 G4 - 1/19 - EN,Notebooks,ProBook,G4,Yes,https://www8.hp.com/h20195/v2/GetDocument.aspx?docname=c05935171
c06907936,HP ProBook 635 Aero G7 Notebook PC,Notebooks,ProBook,G7,Yes,https://www8.hp.com/h20195/v2/GetDocument.aspx?docname=c06907936
c06951538,HP Pro c645 Chromebook,Notebooks,ChromeBook,,Yes,https://www8.hp.com/h20195/v2/GetDocument.aspx?docname=c06951538
c06523874,HP 268 Pro G1 MT,Desktops,200 Series,G1,,https://www8.hp.com/h20195/v2/GetDocument.aspx?docname=c06523874
c07833187,Epson TM-T20IIIL Thermal Receipt Printer,RIS,Printer,,,https://www8.hp.com/h20195/v2/GetDocument.aspx?docname=c07833187
c07028700,HP Pro c640 G2 Chromebook Enterprise,Notebooks,ChromeBook,G2,Yes,https://www8.hp.com/h20195/v2/GetDocument.aspx?docname=c07028700
c08142928,HP Z24m G3 QHD Conferencing Display,Displays,Z Displays,G3,,https://www8.hp.com/h20195/v2/GetDocument.aspx?docname=c08142928
c06636833,HP 290 G3 Small Form Factor Business PC,Desktops,200 Series,G3,,https://www8.hp.com/h20195/v2/GetDocument.aspx?docname=c06636833
c04984422,HP t630 Thin Client,Thin Clients,Thin Client,,,https://www8.hp.com/h20195/v2/GetDocument.aspx?docname=c04984422
c04957273,HP t628 Thin Client,Thin Clients,Thin Client,,,https://www8.hp.com/h20195/v2/GetDocument.aspx?docname=c04957273
c05561757,HP mt21 Mobile Thin Client,Thin Clients,Mobile Thin Client,,,https://www8.hp.com/h20195/v2/GetDocument.aspx?docname=c05561757
c05105339,Networking Adapters for Workstation Quickspecs,Workstations,Accessories,,,https://www8.hp.com/h20195/v2/GetDocument.aspx?docname=c05105339
c06457771,WW PB - HP 470 G7 Notebook PC - 09/27 - EN,Notebooks,Probook,G7,Yes,https://www8.hp.com/h20195/v2/GetDocument.aspx?docname=c06457771
c07048012,HP EliteDesk 800 G8 and HP EliteOne 800 G8 Desktops PCs,Desktops,EliteDesk,G8,,https://www8.hp.com/h20195/v2/GetDocument.aspx?docname=c07048012
c06774625,DDR4-2666Mhz Memory Cards for Business Notebooks,Notebooks,Accessories,,Yes,https://www8.hp.com/h20195/v2/GetDocument.aspx?docname=c06774625
c06057951,HP Rechargeable Active Pen,Notebooks,Accessories,,Yes,https://www8.hp.com/h20195/v2/GetDocument.aspx?docname=c06057951
c06220112,AMD Radeon R7 430 2GB DisplayPort™ VGA Card,Displays,Z Displays,,Yes,https://www8.hp.com/h20195/v2/GetDocument.aspx?docname=c06220112
c06471245,HP Desktop Pro A G3,Desktops,ProDesk,G3,Yes,https://www8.hp.com/h20195/v2/GetDocument.aspx?docname=c06471245
c06133533,HP Elite Slice G2 - Audio Ready with Microsoft Teams Rooms,Desktops,Slice,G2,Yes,https://www8.hp.com/h20195/v2/GetDocument.aspx?docname=c06133533
c06113165,HP Thunderbolt-3 Dual Port PCIe I/O Card,Workstations,Accessories,,Yes,https://www8.hp.com/h20195/v2/GetDocument.aspx?docname=c06113165
c07000417,HP ProBook x360 11 G7 Education Edition,Notebooks,ProBook,G7,Yes,https://www8.hp.com/h20195/v2/GetDocument.aspx?docname=c07000417
c06647615,HP ZBook Firefly 14 G7 Mobile Workstation,Mobile Workstations,ZBook,G7,,https://www8.hp.com/h20195/v2/GetDocument.aspx?docname=c06647615
c06647621,HP ZBook Firefly 15 G7 Mobile Workstation,Mobile Workstations,ZBook,G7,,https://www8.hp.com/h20195/v2/GetDocument.aspx?docname=c06647621
c08701375,HP Z Turbo Dual Pro PCIe-4x8 Carrier,Workstations,Accessories,,,https://www8.hp.com/h20195/v2/GetDocument.aspx?docname=c08701375
c06227520,HP Reverb Virtual Reality Headset - Professional Edition,Workstations,VR,,,https://www8.hp.com/h20195/v2/GetDocument.aspx?docname=c06227520
c06102441,VIVE Pro VR System with Advantage+Service Pack,Workstations,VR,,,https://www8.hp.com/h20195/v2/GetDocument.aspx?docname=c06102441
c07068977,HP P22vb G4 FHD Monitor,Displays,Pro Displays,G4,,https://www8.hp.com/h20195/v2/GetDocument.aspx?docname=c07068977
c07072827,HP Engage One Pro Barcode Scanner,RIS,Scanner,,,https://www8.hp.com/h20195/v2/GetDocument.aspx?docname=c07072827
c06002139,HP Value Thermal Receipt Printer,RIS,Printer,,,https://www8.hp.com/h20195/v2/GetDocument.aspx?docname=c06002139
c08747764,HP Z24u G3 WUXGA USB-C Display,Displays,Z Displays,G3,,https://www8.hp.com/h20195/v2/GetDocument.aspx?docname=c08747764
c08392793,HP E24 G5 FHD Monitor,Displays,Elite Displays,G5,,https://www8.hp.com/h20195/v2/GetDocument.aspx?docname=c08392793
c06137581,HP ZHAN 99 Mobile Workstation,Mobile Workstations,ZHAN,,,https://www8.hp.com/h20195/v2/GetDocument.aspx?docname=c06137581
c06718497,HP Z1 Entry Tower G6,Workstations,Desktop Workstation,G6,,https://www8.hp.com/h20195/v2/GetDocument.aspx?docname=c06718497
c06208538,HP Engage One Prime Cash Drawer,RIS,Cash Drawer,,Yes,https://www8.hp.com/h20195/v2/GetDocument.aspx?docname=c06208538
c07606978,HP P24a G4 FHD Monitor,Displays,Pro Displays,G4,,https://www8.hp.com/h20195/v2/GetDocument.aspx?docname=c07606978
c06790038,HP E14 G4 Portable Monitor,Displays,Elite Displays,G4,,https://www8.hp.com/h20195/v2/GetDocument.aspx?docname=c06790038
c06631165,WW DIS HP P24v G4 FHD Monitor - 05/05 - EN,Displays,Pro Displays,G4,Yes,https://www8.hp.com/h20195/v2/GetDocument.aspx?docname=c06631165
c06887416,HP ZBook Fury 15 G7 Mobile Workstation,Mobile Workstations,ZBook,G7,,https://www8.hp.com/h20195/v2/GetDocument.aspx?docname=c06887416
c06275004,WW DIS - HP P204v 19.5-inch Monitor - 03/26 - EN,Displays,Pro Displays,,Yes,https://www8.hp.com/h20195/v2/GetDocument.aspx?docname=c06275004
c06489909,WW DIS - HP E24d G4 FHD USB-C Docking Monitor - 11/05 - EN,Displays,Elite Displays,G4,Yes,https://www8.hp.com/h20195/v2/GetDocument.aspx?docname=c06489909
c06724012,HP Z2 Mini G5 Workstation,Workstations,Desktop Workstation,G5,,https://www8.hp.com/h20195/v2/GetDocument.aspx?docname=c06724012
c05389396,HP EliteOne G3 800 AIO Recline Stand,Desktops,EliteOne,G3,,https://www8.hp.com/h20195/v2/GetDocument.aspx?docname=c05389396
c06724394,HP P24 G4 Monitor,Displays,Pro Displays,G4,,https://www8.hp.com/h20195/v2/GetDocument.aspx?docname=c06724394
c06710300,HP ZBook Create G7 Notebook PC,Mobile Workstations,ZBook,G7,,https://www8.hp.com/h20195/v2/GetDocument.aspx?docname=c06710300
c04798669,HP Z Turbo Quad Pro and Dual Pro,Workstations,Accessories,,,https://www8.hp.com/h20195/v2/GetDocument.aspx?docname=c04798669
c08392794,HP E24t G5 FHD Touch Monitor,Displays,Elite Displays,G5,,https://www8.hp.com/h20195/v2/GetDocument.aspx?docname=c08392794
c08733836,HP P22b G5 FHD Monitor,Displays,Pro Displays,G5,,https://www8.hp.com/h20195/v2/GetDocument.aspx?docname=c08733836
c06305129,HP ZBook 17 G6 Mobile Workstation,Mobile Workstations,ZBook,G6,,https://www8.hp.com/h20195/v2/GetDocument.aspx?docname=c06305129
c06208782,HP Engage One Prime,RIS,Engage,,,https://www8.hp.com/h20195/v2/GetDocument.aspx?docname=c06208782
c08262305,HP P24 G5 FHD Monitor,Displays,Pro Displays,G5,,https://www8.hp.com/h20195/v2/GetDocument.aspx?docname=c08262305
c08689018,HP ZHAN 99 Pro 23.8 inch G9 All-in-One Desktop PC,Desktops,ZHAN,G9,,https://www8.hp.com/h20195/v2/GetDocument.aspx?docname=c08689018
c08148468,HP ZBook 200W Slim Smart 4.5mm AC Adapter,Mobile Workstations,ZBook,,,https://www8.hp.com/h20195/v2/GetDocument.aspx?docname=c08148468
c08339701,HP USB-C G5 Essential Dock,Docks,Dock,,,https://www8.hp.com/h20195/v2/GetDocument.aspx?docname=c08339701
c07087546,HP 200 G8 21 All-in-One PC,Desktops,200 Series,G8,,https://www8.hp.com/h20195/v2/GetDocument.aspx?docname=c07087546
c04200260,PCIe Solid State Drives for HP Workstations,Workstations,Accessories,,,https://www8.hp.com/h20195/v2/GetDocument.aspx?docname=c04200260
c09037963,HP Series 5 Pro 23.8 inch FHD USB-C Monitor - 524pu,Displays,Series 5,,,https://www8.hp.com/h20195/v2/GetDocument.aspx?docname=c09037963
c08626170,HP Chromebox Enterprise G4,Desktops,Chromebox,G4,,https://www8.hp.com/h20195/v2/GetDocument.aspx?docname=c08626170
c07072088,HP Engage 6.6 inch Pole Display,RIS,Display,,,https://www8.hp.com/h20195/v2/GetDocument.aspx?docname=c07072088
c06721769,HP WIRED DESKTOP 320K KEYBOARD,Desktops,Accessories,,,https://www8.hp.com/h20195/v2/GetDocument.aspx?docname=c06721769
c07072832,HP Engage One Pro Magnetic Stripe Reader,RIS,Reader,,,https://www8.hp.com/h20195/v2/GetDocument.aspx?docname=c07072832
c09112465,OMEN 27 inch QHD 165Hz Gaming Monitor-OMEN 27qz,Displays,Omen,,,https://www8.hp.com/h20195/v2/GetDocument.aspx?docname=c09112465
c04140720,HP POS Keyboard with Touchpad,RIS,Keyboard,,,https://www8.hp.com/h20195/v2/GetDocument.aspx?docname=c04140720
c08007804,HP ProBook 440 14 inch G9 Notebook PC,Notebooks,ProBook,G9,,https://www8.hp.com/h20195/v2/GetDocument.aspx?docname=c08007804
c06034418,HP EliteDesk 800 G4 Workstation Edition,Desktops,EliteDesk,G4,,https://www8.hp.com/h20195/v2/GetDocument.aspx?docname=c06034418
c05987463,HP Z2 Tower G4 Workstation,Workstations,Desktop Workstation,G4,,https://www8.hp.com/h20195/v2/GetDocument.aspx?docname=c05987463
c08487724,HP EliteBook 860 16 inch G10 Notebook PC,Notebooks,EliteBook,G10,,https://www8.hp.com/h20195/v2/GetDocument.aspx?docname=c08487724
c08438687,HP EliteBook 645 14 inch G10 Notebook PC,Notebooks,EliteBook,G10,,https://www8.hp.com/h20195/v2/GetDocument.aspx?docname=c08438687
c08152871,HP Elite c640 14 inch G3 Chromebook,Notebooks,ChromeBook,G3,,https://www8.hp.com/h20195/v2/GetDocument.aspx?docname=c08152871
c06977947,HP ZBook Firefly 15.6 Inch G8 Mobile Workstation,Mobile Workstations,ZBook,G8,,https://www8.hp.com/h20195/v2/GetDocument.aspx?docname=c06977947
c09073631,HP Fortis Flip G1m 11 inch Chromebook,Notebooks,ChromeBook,G1m,,https://www8.hp.com/h20195/v2/GetDocument.aspx?docname=c09073631
c09073637,HP Fortis G1i 14 inch Chromebook,Notebooks,ChromeBook,G1i,,https://www8.hp.com/h20195/v2/GetDocument.aspx?docname=c09073637
c09126888,"HP USB-C Dock G5, HP USB-C/A Universal Dock G2, HP 4.5 mm and USB-C Dock Adapter G2",Docks,Dock,,,https://www8.hp.com/h20195/v2/GetDocument.aspx?docname=c09126888
c09073638,HP Chromebook G1m 11 inch,Notebooks,ChromeBook,G1m,,https://www8.hp.com/h20195/v2/GetDocument.aspx?docname=c09073638
c08479496,HP 250 15.6 inch G10 Notebook PC,Notebooks,200 Series,G10,,https://www8.hp.com/h20195/v2/GetDocument.aspx?docname=c08479496
c08924023,HP ZBook Firefly 14 inch G11 A Mobile Workstation PC,Mobile Workstations,ZBook,G11,,https://www8.hp.com/h20195/v2/GetDocument.aspx?docname=c08924023
c08480176,HP Dragonfly 13.5 inch G4 Notebook PC,Notebooks,Dragonfly,,,https://www8.hp.com/h20195/v2/GetDocument.aspx?docname=c08480176
c07538156,HP Engage Flex Mini Retail System,RIS,Engage,,,https://www8.hp.com/h20195/v2/GetDocument.aspx?docname=c07538156
c09091538,HP Engage One Pro G2 Integrated Barcode Scanner,RIS,Scanner,,,https://www8.hp.com/h20195/v2/GetDocument.aspx?docname=c09091538
c08677229,HP Pro Tower 200 G9 Desktop PC,Desktops,200 Series,G9,,https://www8.hp.com/h20195/v2/GetDocument.aspx?docname=c08677229
c08893149,HP Series 7 Pro 34 inch WQHD Conferencing Monitor - 734pm,Displays,Series 7,,,https://www8.hp.com/h20195/v2/GetDocument.aspx?docname=c08893149
c08820877,HP Series 7 Pro 724pf,Displays,Series 7,,,https://www8.hp.com/h20195/v2/GetDocument.aspx?docname=c08820877
c08479495,HP 245 14 inch G10 Notebook PC,Notebooks,200 Series,G10,,https://www8.hp.com/h20195/v2/GetDocument.aspx?docname=c08479495
c09119722,"HP ZBook Ultra 14 G1a Mobile Workstation PC""",Mobile Workstations,ZBook,G1a,,https://www8.hp.com/h20195/v2/GetDocument.aspx?docname=c09119722
c08482306,HP Z4 G5 Workstation,Workstations,Desktop Workstation,G5,,https://www8.hp.com/h20195/v2/GetDocument.aspx?docname=c08482306
c08894835,HP 250R 15.6 inch G9 Notebook PC,Notebooks,200 Series,G9,,https://www8.hp.com/h20195/v2/GetDocument.aspx?docname=c08894835
c07856867,HP ProBook Fortis 14 inch G9,Notebooks,ProBook,G9,,https://www8.hp.com/h20195/v2/GetDocument.aspx?docname=c07856867
c06208780,HP Multi-Port +90w Power Supply,Notebooks,Accessories,,,https://www8.hp.com/h20195/v2/GetDocument.aspx?docname=c06208780
c05693477,HP Engage One 10.1 Inch Display,RIS,Display,,,https://www8.hp.com/h20195/v2/GetDocument.aspx?docname=c05693477
c08487721,HP EliteBook 830 13 inch G10 Notebook PC,Notebooks,EliteBook,G10,,https://www8.hp.com/h20195/v2/GetDocument.aspx?docname=c08487721
c09053142,HP Series 5 Pro 27 inch QHD USB-C Conferencing Monitor - 527pm,Displays,Series 5,,,https://www8.hp.com/h20195/v2/GetDocument.aspx?docname=c09053142
c08060889,HP All-in-One Adjustable Height Stand,Desktops,Accessories,,,https://www8.hp.com/h20195/v2/GetDocument.aspx?docname=c08060889
c08580127,HP ZBook Studio G10 Mobile Workstation PC,Mobile Workstations,ZBook,G10,,https://www8.hp.com/h20195/v2/GetDocument.aspx?docname=c08580127
c08481500,HP Z8 Fury G5 Workstation,Workstations,Desktop Workstation,G5,,https://www8.hp.com/h20195/v2/GetDocument.aspx?docname=c08481500
c07718767,HP E24m G4 FHD USB-C Conferencing Monitor,Displays,Elite Displays,G4,,https://www8.hp.com/h20195/v2/GetDocument.aspx?docname=c07718767
c08487725,HP Elite x360 830 13 inch G10 2-in-1 Notebook PC,Notebooks,Elitebook,G10,,https://www8.hp.com/h20195/v2/GetDocument.aspx?docname=c08487725
c07949015,HP ProBook 445 14 inch G9 Notebook PC,Notebooks,ProBook,G9,,https://www8.hp.com/h20195/v2/GetDocument.aspx?docname=c07949015
c07020712,HP 295 G8 Microtower PC,Desktops,200 Series,G8,,https://www8.hp.com/h20195/v2/GetDocument.aspx?docname=c07020712
c08677226,HP Pro Tower 288 G9 PCI Desktop PC,Desktops,200 Series,G9,,https://www8.hp.com/h20195/v2/GetDocument.aspx?docname=c08677226
c09003644,HP Series 5 Pro 27 QHD Monitor-527pq,Displays,Series 5,,,https://www8.hp.com/h20195/v2/GetDocument.aspx?docname=c09003644
c06973545,HP P34hc G4 WQHD USB-C Curved Monitor,Displays,Pro Displays,G4,,https://www8.hp.com/h20195/v2/GetDocument.aspx?docname=c06973545
c08480164,HP ProBook 440 14 inch G10 Notebook PC,Notebooks,ProBook,G10,,https://www8.hp.com/h20195/v2/GetDocument.aspx?docname=c08480164
c08918347,HP ZBook Firefly 16 inch G11 Mobile Workstation PC,Mobile Workstations,ZBook,G11,,https://www8.hp.com/h20195/v2/GetDocument.aspx?docname=c08918347
c08148300,HP Elite Dragonfly 13.5 Chromebook Enterprise,Notebooks,ChromeBook,,,https://www8.hp.com/h20195/v2/GetDocument.aspx?docname=c08148300
c08993016,HP ZBook Studio 16 inch G11 Mobile Workstation PC,Mobile Workstations,ZBook,G11,,https://www8.hp.com/h20195/v2/GetDocument.aspx?docname=c08993016
c09146964,HP Thunderbolt 4 100W TAA G6 Dock,Docks,Thunderbolt,G6,,https://www8.hp.com/h20195/v2/GetDocument.aspx?docname=c09146964
c09146965,HP Thunderbolt 4 Ultra 180W TAA G6 Dock,Docks,Thunderbolt,G6,,https://www8.hp.com/h20195/v2/GetDocument.aspx?docname=c09146965
c09085195,HP ZHAN 99 Pro Tower G1i Desktop AI PC,Desktops,ZHAN,G1i,,https://www8.hp.com/h20195/v2/GetDocument.aspx?docname=c09085195
c09085194,HP ProDesk 2 Tower G1i E Desktop PC,Desktops,ProDesk,G1i,,https://www8.hp.com/h20195/v2/GetDocument.aspx?docname=c09085194
c09083467,HP ProDesk 2 SFF G1i E Desktop PC,Desktops,ProDesk,G1i,,https://www8.hp.com/h20195/v2/GetDocument.aspx?docname=c09083467
c09085103,HP ProDesk 2 Tower G1i Desktop PC,Desktops,ProDesk,G1i,,https://www8.hp.com/h20195/v2/GetDocument.aspx?docname=c09085103
c04168358,HP Dock Solutions,Docks,Dock,,,https://www8.hp.com/h20195/v2/GetDocument.aspx?docname=c04168358
c08049273,HP EliteBook 860 16 inch G9 Notebook PC,Notebooks,EliteBook,G9,,https://www8.hp.com/h20195/v2/GetDocument.aspx?docname=c08049273
c07722440,HP 205 Pro G8 24 All-in-One PC,Desktops,200 Series,G8,,https://www8.hp.com/h20195/v2/GetDocument.aspx?docname=c07722440
c06922720,HP E27q G4 QHD Monitor,Displays,Elite Displays,G4,,https://www8.hp.com/h20195/v2/GetDocument.aspx?docname=c06922720
c04349129,HP Privacy Filters for Business Notebook PCs,Notebooks,Accessories,,,https://www8.hp.com/h20195/v2/GetDocument.aspx?docname=c04349129
c08202580,HP ProOne 240 23.8 inch G9 All-in-One Desktop PC,Desktops,ProOne,G9,,https://www8.hp.com/h20195/v2/GetDocument.aspx?docname=c08202580
c08138918,HP Z24q G3 QHD Display,Displays,Z Displays,G3,,https://www8.hp.com/h20195/v2/GetDocument.aspx?docname=c08138918
c08677219,HP Mini IP Conferencing PC with Microsoft Teams Rooms,Desktops,Accessories,,,https://www8.hp.com/h20195/v2/GetDocument.aspx?docname=c08677219
c08094093,HP Presence 23.8 inch & 27 inch All-in-One Conferencing PC with Zoom Rooms,Desktops,Presence,,,https://www8.hp.com/h20195/v2/GetDocument.aspx?docname=c08094093
c08876530,HP Series 7 Pro 724pn,Displays,Series 7,,,https://www8.hp.com/h20195/v2/GetDocument.aspx?docname=c08876530
c06142921,WW NB - HP ProBook 450 G6 Notebook PC - 09/13 - EN,Notebooks,ProBook,G6,Yes,https://www8.hp.com/h20195/v2/GetDocument.aspx?docname=c06142921
c08982819,HP Series 3 Pro FHD Monitor- 324pf,Displays,Series 3,,,https://www8.hp.com/h20195/v2/GetDocument.aspx?docname=c08982819
c05591685,HP Z38c 37.5-inch Curved Display,Displays,Z Displays,,,https://www8.hp.com/h20195/v2/GetDocument.aspx?docname=c05591685
c06636832,HP 280 G5 Small Form Factor Business PC,Desktops,200 Series,G5,,https://www8.hp.com/h20195/v2/GetDocument.aspx?docname=c06636832
c04808495,DDR4 Memory for HP Business Desktop PCs,Desktops,Accessories,,,https://www8.hp.com/h20195/v2/GetDocument.aspx?docname=c04808495
c08570892,HP Mini Conferencing PC with Microsoft Teams Rooms,Desktops,Accessories,,,https://www8.hp.com/h20195/v2/GetDocument.aspx?docname=c08570892
c06939061,HP ZCentral 4R Workstation,Workstations,Desktop Workstation,,,https://www8.hp.com/h20195/v2/GetDocument.aspx?docname=c06939061
c09002401,HP tz655 Trusted Zero Client,Thin Clients,Zero Client,,,https://www8.hp.com/h20195/v2/GetDocument.aspx?docname=c09002401
c08345489,HP Engage 15t XGA No Stand Monitor,RIS,Display,,,https://www8.hp.com/h20195/v2/GetDocument.aspx?docname=c08345489
c07718766,HP E27m G4 QHD USB-C Conferencing Monitor,Displays,Elite Displays,G4,,https://www8.hp.com/h20195/v2/GetDocument.aspx?docname=c07718766
c06393061,HP t740 Thin Client,Thin Clients,Thin Client,,,https://www8.hp.com/h20195/v2/GetDocument.aspx?docname=c06393061
c08559813,HP Pro Tower ZHAN 99 G9 Desktop PC,Desktops,ZHAN,G9,,https://www8.hp.com/h20195/v2/GetDocument.aspx?docname=c08559813
c08160125,HP ZBook Fury G9 Mobile Workstation PC,Mobile Workstations,ZBook,G9,,https://www8.hp.com/h20195/v2/GetDocument.aspx?docname=c08160125
c07718768,HP E34m WQHD Curved USB-C Conferencing Monitor,Displays,Elite Displays,G4,,https://www8.hp.com/h20195/v2/GetDocument.aspx?docname=c07718768
c06043924,HP ProDesk 600 G4 Desktop Business PC,Desktops,ProDesk,G4,,https://www8.hp.com/h20195/v2/GetDocument.aspx?docname=c06043924
c06040430,HP EliteDesk 800 G4 Business Desktops PCs,Desktops,EliteDesk,G4,,https://www8.hp.com/h20195/v2/GetDocument.aspx?docname=c06040430
c05979334,HP 280 G4 Microtower Business PC,Desktops,200 Series,G4,,https://www8.hp.com/h20195/v2/GetDocument.aspx?docname=c05979334
c06500694,HP ProDesk 405 G4 Small Form Factor,Desktops,ProDesk,G4,,https://www8.hp.com/h20195/v2/GetDocument.aspx?docname=c06500694
c08143317,HP ZBook Firefly 16 inch G9 Mobile Workstation PC,Mobile Workstations,ZBook,G9,,https://www8.hp.com/h20195/v2/GetDocument.aspx?docname=c08143317
c07008448,HP Elite x2 G8,Notebooks,x2,G8,,https://www8.hp.com/h20195/v2/GetDocument.aspx?docname=c07008448
c08552811,HP ZBook Firefly 14 inch G10 A Mobile Workstation PC,Mobile Workstations,ZBook,G10,,https://www8.hp.com/h20195/v2/GetDocument.aspx?docname=c08552811
c05527763,HP Z8 G4 Workstation,Workstations,Desktop Workstation,G4,,https://www8.hp.com/h20195/v2/GetDocument.aspx?docname=c05527763
c08487726,HP EliteBook 1040 14 inch G10 Notebook PC,Notebooks,EliteBook,G10,,https://www8.hp.com/h20195/v2/GetDocument.aspx?docname=c08487726
c08552810,HP ZBook Firefly 16 inch G10 Mobile Workstation PC,Mobile Workstations,ZBook,G10,,https://www8.hp.com/h20195/v2/GetDocument.aspx?docname=c08552810
c04743502,HP t730 Thin Client,Thin Clients,Thin Client,,,https://www8.hp.com/h20195/v2/GetDocument.aspx?docname=c04743502
c08991745,HP Elite SFF 805 G9 Desktop PC,Desktops,EliteDesk,G9,,https://www8.hp.com/h20195/v2/GetDocument.aspx?docname=c08991745
c09158404,HP EliteStudio 8 G1i Stands,Desktops,Accessories,,,https://www8.hp.com/h20195/v2/GetDocument.aspx?docname=c09158404
c09120491,HP Thunderbolt 4 Ultra 180W G6 Dock,Docks,Thunderbolt,G6,,https://www8.hp.com/h20195/v2/GetDocument.aspx?docname=c09120491
c09120492,HP Thunderbolt 4 Ultra 280W G6 Dock,Docks,Thunderbolt,G6,,https://www8.hp.com/h20195/v2/GetDocument.aspx?docname=c09120492
c08112669,HP Z1 G9 Tower Desktop PC,Workstations,Desktop Workstation,G9,,https://www8.hp.com/h20195/v2/GetDocument.aspx?docname=c08112669
c08876531,HP Elite x360 830 13 inch G11 2-in-1,Notebooks,Elitebook,G11,,https://www8.hp.com/h20195/v2/GetDocument.aspx?docname=c08876531
c09100635,HP EliteBook 6 G1i 14 inch Notebook AI PC,Notebooks,EliteBook,G1i,,https://www8.hp.com/h20195/v2/GetDocument.aspx?docname=c09100635
c08460852,HP EliteBook 650 15.6 inch G10 Notebook PC,Notebooks,EliteBook,G10,,https://www8.hp.com/h20195/v2/GetDocument.aspx?docname=c08460852
c08460850,HP EliteBook 630 13.3 inch G10 Notebook PC,Notebooks,EliteBook,G10,,https://www8.hp.com/h20195/v2/GetDocument.aspx?docname=c08460850
c08927103,HP EliteBook 645 14 inch G11 Notebook PC,Notebooks,EliteBook,G11,,https://www8.hp.com/h20195/v2/GetDocument.aspx?docname=c08927103
c08893141,HP EliteBook 845 14 inch G11 Notebook PC,Notebooks,EliteBook,G11,,https://www8.hp.com/h20195/v2/GetDocument.aspx?docname=c08893141
c09085101,HP ProDesk 2 Tower G1a Desktop AI PC,Desktops,ProDesk,G1a,,https://www8.hp.com/h20195/v2/GetDocument.aspx?docname=c09085101
c08701378,HP ProOne 245 23.8 inch G10 All-in-One Desktop PC,Desktops,ProOne,G10,,https://www8.hp.com/h20195/v2/GetDocument.aspx?docname=c08701378
c08980879,HP EliteBook Ultra G1q 14 inch Notebook AI PC,Notebooks,EliteBook,G1q,,https://www8.hp.com/h20195/v2/GetDocument.aspx?docname=c08980879
c09119776,HP ProBook 4 G1iR 16 inch Notebook PC,Notebooks,ProBook,G1iR,,https://www8.hp.com/h20195/v2/GetDocument.aspx?docname=c09119776
c09119775,HP ProBook 4 G1iR 14 inch Notebook PC,Notebooks,ProBook,G1iR,,https://www8.hp.com/h20195/v2/GetDocument.aspx?docname=c09119775
c08818352,HP Fortis x360 11 inch G5 Chromebook,Notebooks,ChromeBook,G5,Yes,https://www8.hp.com/h20195/v2/GetDocument.aspx?docname=c08818352
c08433427,HP ProBook 455 15.6 inch G10 Notebook PC,Notebooks,ProBook,G10,,https://www8.hp.com/h20195/v2/GetDocument.aspx?docname=c08433427
c08982818,HP Series 3 Pro FHD Monitor- 324pv,Displays,Series 3,,,https://www8.hp.com/h20195/v2/GetDocument.aspx?docname=c08982818
c09097608,HP EliteBook 8 G1i 13 inch Notebook AI PC,Notebooks,EliteBook,G1i,,https://www8.hp.com/h20195/v2/GetDocument.aspx?docname=c09097608
c09097610,HP EliteBook 8 G1i 14 inch Notebook AI PC,Notebooks,EliteBook,G1i,,https://www8.hp.com/h20195/v2/GetDocument.aspx?docname=c09097610
c09118365,HP EliteBook 6 G1iR 14 inch Notebook PC,Notebooks,EliteBook,G1iR,,https://www8.hp.com/h20195/v2/GetDocument.aspx?docname=c09118365
c09118366,HP EliteBook 6 G1iR 16 inch Notebook PC,Notebooks,EliteBook,G1iR,,https://www8.hp.com/h20195/v2/GetDocument.aspx?docname=c09118366
c09153573,HP ZBook X G1i 16 inch Mobile Workstation PC,Mobile Workstations,ZBook,G1i,,https://www8.hp.com/h20195/v2/GetDocument.aspx?docname=c09153573
c09153574,HP ZBook Fury G1i 18 inch Mobile Workstation PC,Mobile Workstations,ZBook,G1i,,https://www8.hp.com/h20195/v2/GetDocument.aspx?docname=c09153574
c06986242,HP Engage One Pro All-In-One system,RIS,Engage,,,https://www8.hp.com/h20195/v2/GetDocument.aspx?docname=c06986242
c08433426,HP ProBook 445 14 inch G10 Notebook PC,Notebooks,ProBook,G10,,https://www8.hp.com/h20195/v2/GetDocument.aspx?docname=c08433426
c08908497,HP ProBook 465 16 inch G11 Notebook PC,Notebooks,ProBook,G11,,https://www8.hp.com/h20195/v2/GetDocument.aspx?docname=c08908497
c08244682,HP Pro mt440 G3 Mobile Thin Client,Thin Clients,Mobile Thin Client,,,https://www8.hp.com/h20195/v2/GetDocument.aspx?docname=c08244682
c09064416,HP EliteBook X G1a 14 inch Notebook Next Gen AI PC,Notebooks,EliteBook,G1a,,https://www8.hp.com/h20195/v2/GetDocument.aspx?docname=c09064416
c08327446,HP Elite t655 Thin Client,Thin Clients,Thin Client,,,https://www8.hp.com/h20195/v2/GetDocument.aspx?docname=c08327446
c09121528,HP Pro Series 4 G1i Desktops AI PCs,Desktops,ProDesk,G1i,,https://www8.hp.com/h20195/v2/GetDocument.aspx?docname=c09121528
c09120200,HP EliteBook 8 G1a 16 inch Notebook AI PC,Notebooks,EliteBook,G1a,,https://www8.hp.com/h20195/v2/GetDocument.aspx?docname=c09120200
c09120201,HP EliteBook 8 G1a 16 inch Notebook Next Gen AI PC,Notebooks,EliteBook,G1a,,https://www8.hp.com/h20195/v2/GetDocument.aspx?docname=c09120201
c04964757,HP L7014t 14-in Retail Touch Monitor,RIS,Display,,,https://www8.hp.com/h20195/v2/GetDocument.aspx?docname=c04964757
c06207719,HP Engage One Prime Barcode Scanner,RIS,Scanner,,Yes,https://www8.hp.com/h20195/v2/GetDocument.aspx?docname=c06207719
c05854828,HP 285 G3 Microtower PC,Desktops,200 Series,G3,,https://www8.hp.com/h20195/v2/GetDocument.aspx?docname=c05854828
c08219445,HP Z2 Mini G9 Rail Rack Kit,Workstations,Accessories,,,https://www8.hp.com/h20195/v2/GetDocument.aspx?docname=c08219445
c07026077,HP Pro c640 G2 Chromebook,Notebooks,ChromeBook,G2,Yes,https://www8.hp.com/h20195/v2/GetDocument.aspx?docname=c07026077
c05466011,HP t530 Thin Client,Thin Clients,Thin Client,,,https://www8.hp.com/h20195/v2/GetDocument.aspx?docname=c05466011
c04802443,HP EliteBook 1040 G3,Notebooks,EliteBook,G3,Yes,https://www8.hp.com/h20195/v2/GetDocument.aspx?docname=c04802443
c06527241,HP mt22 Mobile Thin Client,Thin Clients,Mobile Thin Client,,,https://www8.hp.com/h20195/v2/GetDocument.aspx?docname=c06527241
c07713009,HP ZBook Fury SSD/HDD Cage,Mobile Workstations,Accessories,,Yes,https://www8.hp.com/h20195/v2/GetDocument.aspx?docname=c07713009
c04337549,HP AC Adapters for HP Business Notebooks,Notebooks,Accessories,,Yes,https://www8.hp.com/h20195/v2/GetDocument.aspx?docname=c04337549
c06269802,HP Elite Slice G2 - Partner Ready with Microsoft Teams Rooms,Desktops,Slice,G2,,https://www8.hp.com/h20195/v2/GetDocument.aspx?docname=c06269802
c06710184,HP ZBook Studio G7 Mobile Workstation,Mobile Workstations,ZBook,G7,,https://www8.hp.com/h20195/v2/GetDocument.aspx?docname=c06710184
c08423198,HP E27k G5 4K USB-C Monitor,Displays,Elite Displays,G5,,https://www8.hp.com/h20195/v2/GetDocument.aspx?docname=c08423198
c04318044,HP DVI to DVI Cable,Workstations,Accessories,,Yes,https://www8.hp.com/h20195/v2/GetDocument.aspx?docname=c04318044
c04111599,HP Single Monitor Arm,Displays,Accessories,,Yes,https://www8.hp.com/h20195/v2/GetDocument.aspx?docname=c04111599
c06914244,HP ZBook Power G7 Mobile Workstation,Mobile Workstations,ZBook,G7,,https://www8.hp.com/h20195/v2/GetDocument.aspx?docname=c06914244
c08081408,HP Pro x360 435 13.3 inch G9 Notebook PC,Notebooks,Probook,G9,,https://www8.hp.com/h20195/v2/GetDocument.aspx?docname=c08081408
c08754941,HP Z32 4K UHD Display,Displays,Z Displays,,,https://www8.hp.com/h20195/v2/GetDocument.aspx?docname=c08754941
c07735356,HP Fortis x360 11 inch G4 Chromebook,Notebooks,ChromeBook,G4,,https://www8.hp.com/h20195/v2/GetDocument.aspx?docname=c07735356
c06978062,HP Chromebook 14 G7 Enterprise,Notebooks,ChromeBook,G7,Yes,https://www8.hp.com/h20195/v2/GetDocument.aspx?docname=c06978062
c07830744,Epson TM-L90II LFC Thermal Label Printer,RIS,Printer,,,https://www8.hp.com/h20195/v2/GetDocument.aspx?docname=c07830744
c06431185,Epson TM-T88VI PUSB Printer,RIS,Printer,,,https://www8.hp.com/h20195/v2/GetDocument.aspx?docname=c06431185
c06721772,HP WIRED DESKTOP 320MK MOUSE AND KEYBOARD,Desktops,Accessories,,,https://www8.hp.com/h20195/v2/GetDocument.aspx?docname=c06721772
c06724393,HP P22 G4 Monitor,Displays,Pro Displays,G4,,https://www8.hp.com/h20195/v2/GetDocument.aspx?docname=c06724393
c06912216,HP Z2 Tower G5 Workstation,Workstations,Desktop Workstation,G5,,https://www8.hp.com/h20195/v2/GetDocument.aspx?docname=c06912216
c06711625,HP 260 G4 Desktop Mini PC,Desktops,200 Series,G4,,https://www8.hp.com/h20195/v2/GetDocument.aspx?docname=c06711625
c07833061,Epson TM-m30II POS Receipt Printer,RIS,Printer,,,https://www8.hp.com/h20195/v2/GetDocument.aspx?docname=c07833061
c06500782,Datalogic Magellan 3450VSi Presentation Scanner,RIS,Scanner,,,https://www8.hp.com/h20195/v2/GetDocument.aspx?docname=c06500782
c06506552,HP Engage Imaging Barcode Scanner II,RIS,Scanner,,,https://www8.hp.com/h20195/v2/GetDocument.aspx?docname=c06506552
c04964352,HP L7014 14-in Retail Monitor,RIS,Display,,,https://www8.hp.com/h20195/v2/GetDocument.aspx?docname=c04964352
c06527271,HP t638 Thin Client,Thin Clients,Thin Client,,,https://www8.hp.com/h20195/v2/GetDocument.aspx?docname=c06527271
c06320288,HP EliteDesk 800 G5 and HP EliteOne 800 G5 Business Desktops PCs,Desktops,EliteDesk,G5,,https://www8.hp.com/h20195/v2/GetDocument.aspx?docname=c06320288
c08423202,HP E27u G5 QHD USB-C Monitor,Displays,Elite Displays,G5,,https://www8.hp.com/h20195/v2/GetDocument.aspx?docname=c08423202
c08152870,HP Elite c645 14 inch G2 Chromebook Enterprise,Notebooks,ChromeBook,G2,,https://www8.hp.com/h20195/v2/GetDocument.aspx?docname=c08152870
c08152869,HP Elite c645 14 inch G2 Chromebook,Notebooks,ChromeBook,G2,,https://www8.hp.com/h20195/v2/GetDocument.aspx?docname=c08152869
c07959341,HP EliteBook 645 14 inch G9 Notebook PC,Notebooks,EliteBook,G9,,https://www8.hp.com/h20195/v2/GetDocument.aspx?docname=c07959341
c07538091,HP ZBook Studio 15.6 inch G8 Mobile Workstation PC,Mobile Workstations,ZBook,G8,,https://www8.hp.com/h20195/v2/GetDocument.aspx?docname=c07538091
c06631380,WW DIS HP P19b G4 FHD Monitor - 05/05 - EN,Displays,Pro Displays,G4,Yes,https://www8.hp.com/h20195/v2/GetDocument.aspx?docname=c06631380
c08315316,HP Thunderbolt 3.0 Flex IO v3,Workstations,Accessories,,,https://www8.hp.com/h20195/v2/GetDocument.aspx?docname=c08315316
c05527761,HP Z6 G4 Workstation,Workstations,Desktop Workstation,G4,,https://www8.hp.com/h20195/v2/GetDocument.aspx?docname=c05527761
c08137760,HP Mini Conferencing PC with Zoom Rooms,Desktops,Accessories,,,https://www8.hp.com/h20195/v2/GetDocument.aspx?docname=c08137760
c08423206,HP E32k G5 4K USB-C Monitor,Displays,Elite Displays,G5,,https://www8.hp.com/h20195/v2/GetDocument.aspx?docname=c08423206
c08183760,HP Pro SFF 280 ZHAN 66 G9 Desktop PC,Desktops,ZHAN,G9,,https://www8.hp.com/h20195/v2/GetDocument.aspx?docname=c08183760
c07606984,HP P22a G4 FHD Monitor,Displays,Pro Displays,G4,,https://www8.hp.com/h20195/v2/GetDocument.aspx?docname=c07606984
c06887263,HP ZBook Fury 17 G7 Mobile Workstation,Mobile Workstations,ZBook,G7,,https://www8.hp.com/h20195/v2/GetDocument.aspx?docname=c06887263
c06922716,HP E24i G4 WUXGA Monitor,Displays,Elite Displays,G4,,https://www8.hp.com/h20195/v2/GetDocument.aspx?docname=c06922716
c06922717,HP E24 G4 FHD Monitor,Displays,Elite Displays,G4,,https://www8.hp.com/h20195/v2/GetDocument.aspx?docname=c06922717
c08733837,HP P22a G5 FHD Monitor,Displays,Pro Displays,G5,,https://www8.hp.com/h20195/v2/GetDocument.aspx?docname=c08733837
c08733838,HP P24a G5 FHD Monitor,Displays,Pro Displays,G5,,https://www8.hp.com/h20195/v2/GetDocument.aspx?docname=c08733838
c08822317,HP ZHAN 14 inch G7 Notebook PC,Notebooks,ZHAN,G7,,https://www8.hp.com/h20195/v2/GetDocument.aspx?docname=c08822317
c08262303,HP P22h G5 FHD Monitor,Displays,Pro Displays,G5,,https://www8.hp.com/h20195/v2/GetDocument.aspx?docname=c08262303
c08262301,HP P22 G5 FHD Monitor,Displays,Pro Displays,G5,,https://www8.hp.com/h20195/v2/GetDocument.aspx?docname=c08262301
c08262307,HP P24v G5 FHD Monitor,Displays,Pro Displays,G5,,https://www8.hp.com/h20195/v2/GetDocument.aspx?docname=c08262307
c08262304,HP P22v G5 FHD Monitor,Displays,Pro Displays,G5,,https://www8.hp.com/h20195/v2/GetDocument.aspx?docname=c08262304
c06102151,HP Engage Go Convertible System,RIS,Engage,,,https://www8.hp.com/h20195/v2/GetDocument.aspx?docname=c06102151
c05665627,Epson TM-T88VI Serial Ethernet USB Printer,RIS,Printer,,,https://www8.hp.com/h20195/v2/GetDocument.aspx?docname=c05665627
c06640111,HP ProDesk 600 G6 Commercial Desktops PC,Desktops,ProDesk,G6,,https://www8.hp.com/h20195/v2/GetDocument.aspx?docname=c06640111
c08310347,HP Z32k G3 4K USB-C Display,Displays,Z Displays,G3,,https://www8.hp.com/h20195/v2/GetDocument.aspx?docname=c08310347
c08982817,HP Series 3 Pro FHD Monitor-322pf,Displays,Series 3,,,https://www8.hp.com/h20195/v2/GetDocument.aspx?docname=c08982817
c07029156,HP Z24u G3 WUXGA USB-C Display,Displays,Z Displays,G3,,https://www8.hp.com/h20195/v2/GetDocument.aspx?docname=c07029156
c06951520,HP Z24f G3 FHD Display,Displays,Z Displays,G3,,https://www8.hp.com/h20195/v2/GetDocument.aspx?docname=c06951520
c05825493,HP t310 G2 All-in-One Zero Client,Thin Clients,Zero Client,,,https://www8.hp.com/h20195/v2/GetDocument.aspx?docname=c05825493
c08611076,HP Remote System Controller,Workstations,Accessories,,,https://www8.hp.com/h20195/v2/GetDocument.aspx?docname=c08611076
c07020706,HP 285 G8 Microtower PC,Desktops,200 Series,G8,,https://www8.hp.com/h20195/v2/GetDocument.aspx?docname=c07020706
c08392797,HP E27q G5 QHD Monitor,Displays,Elite Displays,G5,,https://www8.hp.com/h20195/v2/GetDocument.aspx?docname=c08392797
c08098771,HP EliteBook 845 14 inch G9 Notebook PC,Notebooks,EliteBook,G9,,https://www8.hp.com/h20195/v2/GetDocument.aspx?docname=c08098771
c06973543,HP Z27k G3 4K USB-C Display,Displays,Z Displays,G3,,https://www8.hp.com/h20195/v2/GetDocument.aspx?docname=c06973543
c05572874,HP ProBook 440 G5 Notebook PC,Notebooks,ProBook,G5,Yes,https://www8.hp.com/h20195/v2/GetDocument.aspx?docname=c05572874
c08487728,HP EliteBook 835 13 inch G10 Notebook PC,Notebooks,EliteBook,G10,,https://www8.hp.com/h20195/v2/GetDocument.aspx?docname=c08487728
c08150789,HP ZBook Power 15.6 inch G9 Mobile Workstation PC,Mobile Workstations,ZBook,G9,,https://www8.hp.com/h20195/v2/GetDocument.aspx?docname=c08150789
c06043727,Intel 9260 802.11ac PCIe x1 Card,Desktops,Accessories,,,https://www8.hp.com/h20195/v2/GetDocument.aspx?docname=c06043727
c06042439,HP ProOne 600/400 G4 Vesa Plate,Desktops,ProOne,G4,,https://www8.hp.com/h20195/v2/GetDocument.aspx?docname=c06042439
c06118511,HP Desktop Pro G2,Desktops,ProDesk,G2,,https://www8.hp.com/h20195/v2/GetDocument.aspx?docname=c06118511
c06046117,HP 260 G3 Desktop Mini Business PC,Desktops,200 Series,G3,,https://www8.hp.com/h20195/v2/GetDocument.aspx?docname=c06046117
c05572880,HP ProBook 450 G5 Notebook PC,Notebooks,ProBook,G5,Yes,https://www8.hp.com/h20195/v2/GetDocument.aspx?docname=c05572880
c07538129,HP ZBook Power 15.6 inch G8 Mobile Workstation PC,Mobile Workstations,ZBook,G8,,https://www8.hp.com/h20195/v2/GetDocument.aspx?docname=c07538129
c08143475,HP ZBook Studio 16 inch G9 Mobile Workstation PC,Mobile Workstations,ZBook,G9,,https://www8.hp.com/h20195/v2/GetDocument.aspx?docname=c08143475
c08007865,HP EliteBook 640 14 inch G9 Notebook PC QuickSpecs,Notebooks,EliteBook,G9,,https://www8.hp.com/h20195/v2/GetDocument.aspx?docname=c08007865
c08143445,HP ZBook Firefly 14 inch G9 Mobile Workstation PC,Mobile Workstations,ZBook,G9,,https://www8.hp.com/h20195/v2/GetDocument.aspx?docname=c08143445
c07020719,HP 280 Pro G8 Microtower PC,Desktops,200 Series,G8,,https://www8.hp.com/h20195/v2/GetDocument.aspx?docname=c07020719
c06953003,HP 285 G6 Microtower Business PC,Desktops,200 Series,G6,,https://www8.hp.com/h20195/v2/GetDocument.aspx?docname=c06953003
c09033579,HP Z Captis,Workstations,Captis,,,https://www8.hp.com/h20195/v2/GetDocument.aspx?docname=c09033579
c08051152,HP Engage 6.6 inch Display with Ingenico Moby 5500M,RIS,Display,,,https://www8.hp.com/h20195/v2/GetDocument.aspx?docname=c08051152
c04961223,HP L7010t 10.1 in Retail Touch Monitor,RIS,Display,,,https://www8.hp.com/h20195/v2/GetDocument.aspx?docname=c04961223
c05693273,HP Engage One 10.1 Inch Touch Display,RIS,Display,,,https://www8.hp.com/h20195/v2/GetDocument.aspx?docname=c05693273
c06040429,HP EliteDesk 705 G4 Business Desktops PC,Desktops,EliteDesk,G4,,https://www8.hp.com/h20195/v2/GetDocument.aspx?docname=c06040429
c04782353,HP PC Mounting Brackets for Monitors,Displays,Accessories,,,https://www8.hp.com/h20195/v2/GetDocument.aspx?docname=c04782353
c06245039,HP S101 Speaker Bar,Displays,Accessories,,,https://www8.hp.com/h20195/v2/GetDocument.aspx?docname=c06245039
c06305136,HP ZBook 15 G6 Mobile Workstation,Mobile Workstations,ZBook,G6,,https://www8.hp.com/h20195/v2/GetDocument.aspx?docname=c06305136
c04123406,HP Heavy Duty Cash Drawer,RIS,Cash Drawer,,,https://www8.hp.com/h20195/v2/GetDocument.aspx?docname=c04123406
c08580553,HP Elite Series 800 G9 Desktops PCs,Desktops,EliteDesk,G9,,https://www8.hp.com/h20195/v2/GetDocument.aspx?docname=c08580553
c08049271,HP EliteBook 830 13.3 inch G9 Notebook PC,Notebooks,EliteBook,G9,,https://www8.hp.com/h20195/v2/GetDocument.aspx?docname=c08049271
c08392795,HP E24q G5 QHD Monitor,Displays,Elite Displays,G5,,https://www8.hp.com/h20195/v2/GetDocument.aspx?docname=c08392795
c07047984,HP ProDesk 405 G8 DM / SFF,Desktops,ProDesk,G8,,https://www8.hp.com/h20195/v2/GetDocument.aspx?docname=c07047984
c08479498,HP 470 17 inch G10 Notebook PC,Notebooks,Probook,G10,,https://www8.hp.com/h20195/v2/GetDocument.aspx?docname=c08479498
c08620692,HP ZBook Power G10 A Mobile Workstation PC,Mobile Workstations,ZBook,G10,,https://www8.hp.com/h20195/v2/GetDocument.aspx?docname=c08620692
c09003642,HP Series 5 Pro 23.8 FHD Monitor-524pf,Displays,Series 5,,,https://www8.hp.com/h20195/v2/GetDocument.aspx?docname=c09003642
c09053141,HP Series 5 Pro 23.8 inch FHD USB-C Conferencing Monitor - 524pm,Displays,Series 5,,,https://www8.hp.com/h20195/v2/GetDocument.aspx?docname=c09053141
c09053143,HP Series 5 Pro 34 inch WQHD USB-C Conferencing Monitor - 534pm,Displays,Series 5,,,https://www8.hp.com/h20195/v2/GetDocument.aspx?docname=c09053143
c05527757,HP Z4 G4 Workstation,Workstations,Desktop Workstation,G4,,https://www8.hp.com/h20195/v2/GetDocument.aspx?docname=c05527757
c08133183,HP Engage One Prime Barcode Scanner,RIS,Scanner,,,https://www8.hp.com/h20195/v2/GetDocument.aspx?docname=c08133183
c07012337,HP Engage One Pro Flexible Pole Single Mount,RIS,Other Accessories,,,https://www8.hp.com/h20195/v2/GetDocument.aspx?docname=c07012337
c06468161,HP Heavy Duty Cash Drawer with Random Locks,RIS,Cash Drawer,,,https://www8.hp.com/h20195/v2/GetDocument.aspx?docname=c06468161
c06431221,Epson TM-H6000V POS Hybrid Printer,RIS,Printer,,,https://www8.hp.com/h20195/v2/GetDocument.aspx?docname=c06431221
c08411168,HP Engage 2x20 Customer Facing Pole Display,RIS,Display,,,https://www8.hp.com/h20195/v2/GetDocument.aspx?docname=c08411168
c07927484,HP Engage Thermal Receipt Printer,RIS,Printer,,,https://www8.hp.com/h20195/v2/GetDocument.aspx?docname=c07927484
c08960410,HP Commercial Notebooks Packaging Guide,Notebooks,Accessories,,,https://www8.hp.com/h20195/v2/GetDocument.aspx?docname=c08960410
c04123121,Epson TM-H6000IV Multifunction Printer,RIS,Printer,,,https://www8.hp.com/h20195/v2/GetDocument.aspx?docname=c04123121
c06014144,HP MP9 G4 Retail System,RIS,Engage,,,https://www8.hp.com/h20195/v2/GetDocument.aspx?docname=c06014144
c07607106,HP ZBook Fury 17.3 Inch G8 Mobile Workstation PC,Mobile Workstations,ZBook,G8,,https://www8.hp.com/h20195/v2/GetDocument.aspx?docname=c07607106
c06977950,HP ZBook Firefly 14 Inch G8 Mobile Workstation,Mobile Workstations,ZBook,G8,,https://www8.hp.com/h20195/v2/GetDocument.aspx?docname=c06977950
c07606964,HP ZBook Fury 15.6 Inch G8 Mobile Workstation PC,Mobile Workstations,ZBook,G8,,https://www8.hp.com/h20195/v2/GetDocument.aspx?docname=c07606964
c08017466,HP 255 G9 Notebook PC,Notebooks,200 Series,G9,,https://www8.hp.com/h20195/v2/GetDocument.aspx?docname=c08017466
c09003643,HP Series 5 Pro 24 WUXGA Monitor-524pn,Displays,Series 5,,,https://www8.hp.com/h20195/v2/GetDocument.aspx?docname=c09003643
c08007805,HP ProBook 450 15.6 inch G9 Notebook PC,Notebooks,ProBook,G9,,https://www8.hp.com/h20195/v2/GetDocument.aspx?docname=c08007805
c08982816,HP Series 3 Pro FHD Monitor-322pv,Displays,Series 3,,,https://www8.hp.com/h20195/v2/GetDocument.aspx?docname=c08982816
c08487730,HP EliteBook 865 16 inch G10 Notebook PC,Notebooks,EliteBook,G10,,https://www8.hp.com/h20195/v2/GetDocument.aspx?docname=c08487730
c08049272,HP EliteBook 840 14 inch G9 Notebook PC,Notebooks,EliteBook,G9,,https://www8.hp.com/h20195/v2/GetDocument.aspx?docname=c08049272
c08423193,HP E24u G5 FHD USB-C Monitor,Displays,Elite Displays,G5,,https://www8.hp.com/h20195/v2/GetDocument.aspx?docname=c08423193
c09053766,HP Series 3 Pro 23.8 inch FHD Monitor - 324pb,Displays,Series 3,,,https://www8.hp.com/h20195/v2/GetDocument.aspx?docname=c09053766
c08152872,HP Elite c640 14 inch G3 Chromebook Enterprise,Notebooks,ChromeBook,G3,,https://www8.hp.com/h20195/v2/GetDocument.aspx?docname=c08152872
c06102173,HP Engage Flex Pro & Pro-C Retail System,RIS,Engage,,,https://www8.hp.com/h20195/v2/GetDocument.aspx?docname=c06102173
c08262306,HP P24h G5 FHD Monitor,Displays,Pro Displays,G5,,https://www8.hp.com/h20195/v2/GetDocument.aspx?docname=c08262306
c08017465,HP 250 G9 Notebook PC,Notebooks,200 Series,G9,,https://www8.hp.com/h20195/v2/GetDocument.aspx?docname=c08017465
c08937569,HP ZBook Fury 16 G11 Mobile Workstation PC,Mobile Workstations,ZBook,G11,,https://www8.hp.com/h20195/v2/GetDocument.aspx?docname=c08937569
c08481321,HP Z8 G5 Workstation Desktop PC,Workstations,Desktop Workstation,G5,,https://www8.hp.com/h20195/v2/GetDocument.aspx?docname=c08481321
c08703891,HP Z4 Rack G5 Workstation,Workstations,Desktop Workstation,G5,,https://www8.hp.com/h20195/v2/GetDocument.aspx?docname=c08703891
c08482167,HP Z6 G5 Workstation,Workstations,Desktop Workstation,G5,,https://www8.hp.com/h20195/v2/GetDocument.aspx?docname=c08482167
c08183681,HP Pro SFF 280 G9 Desktop PC,Desktops,200 Series,G9,,https://www8.hp.com/h20195/v2/GetDocument.aspx?docname=c08183681
c08916513,HP Elite Mini 805 G8 Desktop PC,Desktops,EliteDesk,G8,,https://www8.hp.com/h20195/v2/GetDocument.aspx?docname=c08916513
c08818351,HP Fortis 11 inch G10 Chromebook,Notebooks,ChromeBook,G10,,https://www8.hp.com/h20195/v2/GetDocument.aspx?docname=c08818351
c09086134,HP Elite t660 Thin Client,Thin Clients,Thin Client,,,https://www8.hp.com/h20195/v2/GetDocument.aspx?docname=c09086134
c08821385,HP Z6 G5 A Workstation,Workstations,Desktop Workstation,G5,,https://www8.hp.com/h20195/v2/GetDocument.aspx?docname=c08821385
c09073627,HP 240RT 14 inch G9 Notebook PC,Notebooks,200 Series,G9,,https://www8.hp.com/h20195/v2/GetDocument.aspx?docname=c09073627
c08148299,HP Elite Dragonfly 13.5 Chromebook,Notebooks,ChromeBook,,,https://www8.hp.com/h20195/v2/GetDocument.aspx?docname=c08148299
c09097613,HP EliteBook 8 G1i 16 inch Notebook Next Gen AI PC,Notebooks,EliteBook,G1i,,https://www8.hp.com/h20195/v2/GetDocument.aspx?docname=c09097613
c09097612,HP EliteBook 8 G1i 16 inch Notebook AI PC,Notebooks,EliteBook,G1i,,https://www8.hp.com/h20195/v2/GetDocument.aspx?docname=c09097612
c08908274,HP Elite x360 1040 14 inch G11 2-in-1 Notebook PC,Notebooks,Elitebook,G11,,https://www8.hp.com/h20195/v2/GetDocument.aspx?docname=c08908274
c08908273,HP EliteBook 1040 14 inch G11 Notebook PC,Notebooks,EliteBook,G11,,https://www8.hp.com/h20195/v2/GetDocument.aspx?docname=c08908273
c08915793,HP EliteBook 640 14 inch G11 Notebook PC,Notebooks,EliteBook,G11,,https://www8.hp.com/h20195/v2/GetDocument.aspx?docname=c08915793
c08915794,HP EliteBook 660 16 inch G11 Notebook PC,Notebooks,EliteBook,G11,,https://www8.hp.com/h20195/v2/GetDocument.aspx?docname=c08915794
c09085102,HP ProDesk 2 Tower G1a E Desktop AI PC,Desktops,ProDesk,G1a,,https://www8.hp.com/h20195/v2/GetDocument.aspx?docname=c09085102
c09133724,HP Z1 Tower G1i Desktop PC,Workstations,Desktop Workstation,G1i,,https://www8.hp.com/h20195/v2/GetDocument.aspx?docname=c09133724
c09059224,HP EliteBook Ultra G1i 14 inch Notebook Next Gen AI PC,Notebooks,EliteBook,G1i,,https://www8.hp.com/h20195/v2/GetDocument.aspx?docname=c09059224
c08017709,HP Pro Series 400 G9 Desktops PCs,Desktops,ProDesk,G9,,https://www8.hp.com/h20195/v2/GetDocument.aspx?docname=c08017709
c08908496,HP ProBook 445 14 inch G11 Notebook PC,Notebooks,ProBook,G11,,https://www8.hp.com/h20195/v2/GetDocument.aspx?docname=c08908496
c08915560,HP Probook460 16 inch G11 Notebook PC,Notebooks,ProBook,G11,,https://www8.hp.com/h20195/v2/GetDocument.aspx?docname=c08915560
c09120198,HP EliteBook 8 G1a 14 inch Notebook AI PC,Notebooks,EliteBook,G1a,,https://www8.hp.com/h20195/v2/GetDocument.aspx?docname=c09120198
c09120199,HP EliteBook 8 G1a 14 inch Notebook Next Gen AI PC,Notebooks,EliteBook,G1a,,https://www8.hp.com/h20195/v2/GetDocument.aspx?docname=c09120199
c07856866,HP Pro x360 Fortis 11 inch G10,Notebooks,Fortis,G10,,https://www8.hp.com/h20195/v2/GetDocument.aspx?docname=c07856866
c08438689,HP Pro x360 435 13.3 inch G10 Notebook PC,Notebooks,Probook,G10,,https://www8.hp.com/h20195/v2/GetDocument.aspx?docname=c08438689
c07933724,HP Pro Tower 280 G9 PCI Desktop PC,Desktops,200 Series,G9,,https://www8.hp.com/h20195/v2/GetDocument.aspx?docname=c07933724
c09073626,HP 250RT 15.6 inch G9 Notebook PC,Notebooks,200 Series,G9,,https://www8.hp.com/h20195/v2/GetDocument.aspx?docname=c09073626
c09083466,HP ProDesk 2 SFF G1i Desktop PC,Desktops,ProDesk,G1i,,https://www8.hp.com/h20195/v2/GetDocument.aspx?docname=c09083466
c09156739,HP Engage 6.9 inch Customer Facing Display,RIS,Display,,,https://www8.hp.com/h20195/v2/GetDocument.aspx?docname=c09156739
c08816192,HP Series 7 Pro 740pm,Displays,Series 7,,,https://www8.hp.com/h20195/v2/GetDocument.aspx?docname=c08816192
c08893145,HP Series 7 Pro 27 inch QHD Thunderbolt 4 Monitor - 727pu,Displays,Series 7,,,https://www8.hp.com/h20195/v2/GetDocument.aspx?docname=c08893145
c08893150,HP Series 7 Pro 37.5 inch WQHD+ Thunderbolt 4 Monitor - 738pu,Displays,Series 7,,,https://www8.hp.com/h20195/v2/GetDocument.aspx?docname=c08893150
c08893144,HP Series 7 Pro 27 inch QHD Monitor - 727pq,Displays,Series 7,,,https://www8.hp.com/h20195/v2/GetDocument.aspx?docname=c08893144
c08183724,HP Pro SFF 290 G9 Desktop PC,Desktops,200 Series,G9,,https://www8.hp.com/h20195/v2/GetDocument.aspx?docname=c08183724
c08954703,HP ZBook Power 16 inch G11 A Mobile Workstation PC,Mobile Workstations,ZBook,G11,,https://www8.hp.com/h20195/v2/GetDocument.aspx?docname=c08954703
c08109685,HP Z2 G9 Mini Workstation Desktop PC,Workstations,Desktop Workstation,G9,,https://www8.hp.com/h20195/v2/GetDocument.aspx?docname=c08109685
c08174111,HP Pro Tower 290 G9 Desktop PC,Desktops,200 Series,G9,,https://www8.hp.com/h20195/v2/GetDocument.aspx?docname=c08174111
c05543201,HP USB Keyboard and Mouse Healthcare Edition,Desktops,Accessories,,,https://www8.hp.com/h20195/v2/GetDocument.aspx?docname=c05543201
c08479497,HP 255 15.6 inch G10 Notebook PC,Notebooks,200 Series,G10,,https://www8.hp.com/h20195/v2/GetDocument.aspx?docname=c08479497
c09158403,HP All-in-One G1i VESA Plate,Desktops,Accessories,,,https://www8.hp.com/h20195/v2/GetDocument.aspx?docname=c09158403
c08893142,HP EliteBook 865 16 inch G11 Notebook PC,Notebooks,EliteBook,G11,,https://www8.hp.com/h20195/v2/GetDocument.aspx?docname=c08893142
c08460851,HP EliteBook 640 14 inch G10 Notebook PC,Notebooks,EliteBook,G10,,https://www8.hp.com/h20195/v2/GetDocument.aspx?docname=c08460851
c08487722,HP EliteBook 840 14 inch G10 Notebook PC,Notebooks,EliteBook,G10,,https://www8.hp.com/h20195/v2/GetDocument.aspx?docname=c08487722
c08927104,HP EliteBook 665 16 inch G11 Notebook PC,Notebooks,EliteBook,G11,,https://www8.hp.com/h20195/v2/GetDocument.aspx?docname=c08927104
c09133729,HP ZBook 8 G1i 16 Mobile Workstation,Mobile Workstations,ZBook,G1i,,https://www8.hp.com/h20195/v2/GetDocument.aspx?docname=c09133729
c09111175,HP ProBook 4 G1a 14 inch Notebook AI PC,Notebooks,ProBook,G1a,,https://www8.hp.com/h20195/v2/GetDocument.aspx?docname=c09111175
c09102587,HP ProBook 4 G1i 16 inch Notebook AI PC,Notebooks,ProBook,G1i,,https://www8.hp.com/h20195/v2/GetDocument.aspx?docname=c09102587
c09111176,HP ProBook 4 G1a 16 inch Notebook AI PC,Notebooks,ProBook,G1a,,https://www8.hp.com/h20195/v2/GetDocument.aspx?docname=c09111176
c09111179,HP EliteBook 6 G1a 16 inch Notebook AI PC,Notebooks,EliteBook,G1a,,https://www8.hp.com/h20195/v2/GetDocument.aspx?docname=c09111179
c09100636,HP EliteBook 6 G1i 16 inch Notebook AI PC,Notebooks,EliteBook,G1i,,https://www8.hp.com/h20195/v2/GetDocument.aspx?docname=c09100636
c09100634,HP EliteBook 6 G1i 13 inch Notebook AI PC,Notebooks,EliteBook,G1i,,https://www8.hp.com/h20195/v2/GetDocument.aspx?docname=c09100634
c09102584,HP EliteBook 6 G1q 14 inch Notebook Next Gen AI PC,Notebooks,EliteBook,G1q,,https://www8.hp.com/h20195/v2/GetDocument.aspx?docname=c09102584
c08880576,HP EliteBook 860 16 inch G11,Notebooks,EliteBook,G11,,https://www8.hp.com/h20195/v2/GetDocument.aspx?docname=c08880576
c08880575,HP EliteBook 840 14 inch G11,Notebooks,EliteBook,G11,,https://www8.hp.com/h20195/v2/GetDocument.aspx?docname=c08880575
c08880574,HP EliteBook 830 13 inch G11,Notebooks,EliteBook,G11,,https://www8.hp.com/h20195/v2/GetDocument.aspx?docname=c08880574
c09133726,HP Z2 Mini G1a Workstation,Workstations,Desktop Workstation,G1a,,https://www8.hp.com/h20195/v2/GetDocument.aspx?docname=c09133726
c08109687,HP Z2 G9 Tower Workstation Desktop PC,Workstations,Desktop Workstation,G9,,https://www8.hp.com/h20195/v2/GetDocument.aspx?docname=c08109687
c09153568,HP Z NBX G1i 16 inch Mobile Workstation PC,Workstations,Desktop Workstation,G1i,Yes,https://www8.hp.com/h20195/v2/GetDocument.aspx?docname=c09153568
c09133727,HP Z2 Mini G1i Workstation,Workstations,Desktop Workstation,G1i,,https://www8.hp.com/h20195/v2/GetDocument.aspx?docname=c09133727
c09133728,HP Z2 Tower G1i Workstation,Workstations,Desktop Workstation,G1i,,https://www8.hp.com/h20195/v2/GetDocument.aspx?docname=c09133728
c09133730,HP ZBook 8 G1a 14 Mobile Workstation,Mobile Workstations,ZBook,G1a,,https://www8.hp.com/h20195/v2/GetDocument.aspx?docname=c09133730
c09133725,HP Z2 SFF G1i Workstation,Workstations,Desktop Workstation,G1i,,https://www8.hp.com/h20195/v2/GetDocument.aspx?docname=c09133725
c08111505,HP Z2 G9 SFF Workstation Desktop PC,Workstations,Desktop Workstation,G9,,https://www8.hp.com/h20195/v2/GetDocument.aspx?docname=c08111505
c09053765,HP 255R 15.6 inch G10 Notebook PC,Notebooks,200 Series,G10,,https://www8.hp.com/h20195/v2/GetDocument.aspx?docname=c09053765
c09073623,HP Series 5 27 inch FHD Monitor - 527da,Displays,Series 5,,,https://www8.hp.com/h20195/v2/GetDocument.aspx?docname=c09073623
c09121527,HP Elite Series 8 G1i Desktops AI PCs,Desktops,EliteDesk,G1i,,https://www8.hp.com/h20195/v2/GetDocument.aspx?docname=c09121527
c09156355,HP EliteDesk 8 Mini G1a Desktop Next Gen AI PC - HP EliteDesk 8 Mini G1a Desktop PC,Desktops,EliteDesk,G1a,,https://www8.hp.com/h20195/v2/GetDocument.aspx?docname=c09156355
c07072047,HP Engage 6.6 inch Customer Facing Display,RIS,Display,,,https://www8.hp.com/h20195/v2/GetDocument.aspx?docname=c07072047
c05477268,HP t310 G2 Zero Client,Thin Clients,Zero Client,,,https://www8.hp.com/h20195/v2/GetDocument.aspx?docname=c05477268
c04957266,HP t310 Quad-Display,Thin Clients,Thin Client,,,https://www8.hp.com/h20195/v2/GetDocument.aspx?docname=c04957266
c06514719,WW NB - HP ProBook x360 11 G6 EE - 11/27 - EN,Notebooks,ProBook,G6,Yes,https://www8.hp.com/h20195/v2/GetDocument.aspx?docname=c06514719
c06347327,HP mt45 Mobile Thin Client,Thin Clients,Mobile Thin Client,,,https://www8.hp.com/h20195/v2/GetDocument.aspx?docname=c06347327
c06159406,HP mt31 Mobile Thin Client,Thin Clients,Mobile Thin Client,,,https://www8.hp.com/h20195/v2/GetDocument.aspx?docname=c06159406
c06467148,WW NB - HP ProBook x360 11 G5 EE - 10/10 EN,Notebooks,ProBook,G5,Yes,https://www8.hp.com/h20195/v2/GetDocument.aspx?docname=c06467148
c08210813,HP ZHAN 99 G4 Mobile Workstation,Mobile Workstations,ZHAN,G4,Yes,https://www8.hp.com/h20195/v2/GetDocument.aspx?docname=c08210813
c08310351,HP P32u G5 QHD USB-C Monitor,Displays,Pro Displays,G5,,https://www8.hp.com/h20195/v2/GetDocument.aspx?docname=c08310351
c08624212,AMD Radeon RX 6300 2 GB GDDR6 FH DP+HDMI Graphics,Workstations,Accessories,,Yes,https://www8.hp.com/h20195/v2/GetDocument.aspx?docname=c08624212
c08622396,AMD Radeon RX 6300 2 GB GDDR6 LP DP+HDMI Graphics,Workstations,Accessories,,Yes,https://www8.hp.com/h20195/v2/GetDocument.aspx?docname=c08622396
c06952549,HP Pro c645 Chromebook Enterprise,Notebooks,ChromeBook,,Yes,https://www8.hp.com/h20195/v2/GetDocument.aspx?docname=c06952549
c06061735,HP x2 1013 G3 Collaboration Keyboard,Notebooks,x2,G3,Yes,https://www8.hp.com/h20195/v2/GetDocument.aspx?docname=c06061735
c04747405,HP USB Cables and Adapters,Notebooks,Accessories,,Yes,https://www8.hp.com/h20195/v2/GetDocument.aspx?docname=c04747405
c06042607,HP FLEX IO Option Cards,Desktops,Accessories,,Yes,https://www8.hp.com/h20195/v2/GetDocument.aspx?docname=c06042607
c05389356,HP 9.5mm G3 8/6/4 SFF G4 400 SFF/MT DVD Writer,Desktops,Accessories,,Yes,https://www8.hp.com/h20195/v2/GetDocument.aspx?docname=c05389356
c06043772,HP Business PC Security Lock v3 Kit,Desktops,Accessories,,Yes,https://www8.hp.com/h20195/v2/GetDocument.aspx?docname=c06043772
c06043749,HP Internal Serial Port (400) / (600/705/800),Desktops,Accessories,,Yes,https://www8.hp.com/h20195/v2/GetDocument.aspx?docname=c06043749
c08692716,HP P22vb G5 FHD Monitor,Displays,Pro Displays,G5,,https://www8.hp.com/h20195/v2/GetDocument.aspx?docname=c08692716
c06429537,HP Elite Slice G2 - Audio Ready with Zoom Rooms,Desktops,Slice,G2,Yes,https://www8.hp.com/h20195/v2/GetDocument.aspx?docname=c06429537
c06045417,HP ProDesk 400 G4 DM / AIO - G5 MT / SFF,Desktops,ProDesk,G4,,https://www8.hp.com/h20195/v2/GetDocument.aspx?docname=c06045417
c05987462,HP Z2 Mini G4 Workstation,Workstations,Desktop Workstation,G4,,https://www8.hp.com/h20195/v2/GetDocument.aspx?docname=c05987462
c05893139,HP Windows Mixed Reality Headset - Professional Edition,Workstations,VR,,,https://www8.hp.com/h20195/v2/GetDocument.aspx?docname=c05893139
c06314289,HP Engage 2x20 Pole Display,RIS,Display,,,https://www8.hp.com/h20195/v2/GetDocument.aspx?docname=c06314289
c06543048,WW NB - HP ProBook 455 G7 Notebook PC - 21/01 - EN,Notebooks,ProBook,G7,Yes,https://www8.hp.com/h20195/v2/GetDocument.aspx?docname=c06543048
c09048046,HP Series 3 Pro 21.45 inch FHD Monitor - 322pe,Displays,Series 3,,,https://www8.hp.com/h20195/v2/GetDocument.aspx?docname=c09048046
c08622395,HP Chromebox G4,Desktops,Chromebox,G4,,https://www8.hp.com/h20195/v2/GetDocument.aspx?docname=c08622395
c07856868,HP ProBook Fortis 14 inch G10,Notebooks,ProBook,G10,,https://www8.hp.com/h20195/v2/GetDocument.aspx?docname=c07856868
c07062920,HP E24mv G4 FHD Conferencing Monitor,Displays,Elite Displays,G4,,https://www8.hp.com/h20195/v2/GetDocument.aspx?docname=c07062920
c08487729,HP EliteBook 845 14 inch G10 Notebook PC,Notebooks,EliteBook,G10,,https://www8.hp.com/h20195/v2/GetDocument.aspx?docname=c08487729
c07949016,HP ProBook 455 15.6 inch G9 Notebook PC,Notebooks,ProBook,G9,,https://www8.hp.com/h20195/v2/GetDocument.aspx?docname=c07949016
c08392796,HP E27 G5 FHD Monitor,Displays,Elite Displays,G5,,https://www8.hp.com/h20195/v2/GetDocument.aspx?docname=c08392796
c08620446,HP ZBook Power G10 Mobile Workstation PC,Mobile Workstations,ZBook,G10,,https://www8.hp.com/h20195/v2/GetDocument.aspx?docname=c08620446
c08487727,HP Elite x360 1040 14 inch G10 2-in-1 Notebook PC,Notebooks,Elitebook,G10,,https://www8.hp.com/h20195/v2/GetDocument.aspx?docname=c08487727
c08005734,Datalogic GBT4500 Wireless Barcode Scanner,RIS,Scanner,,,https://www8.hp.com/h20195/v2/GetDocument.aspx?docname=c08005734
c08169372,HP Engage Solutions for Ingenico Moby 5500M,RIS,Other Accessories,,,https://www8.hp.com/h20195/v2/GetDocument.aspx?docname=c08169372
c04964788,HP L7016t 15.6-in Retail Touch Monitor,RIS,Display,,,https://www8.hp.com/h20195/v2/GetDocument.aspx?docname=c04964788
c09018515,HP EliteBook Ultra G1q8 14 inch Notebook AI PC,Notebooks,EliteBook,G1q8,,https://www8.hp.com/h20195/v2/GetDocument.aspx?docname=c09018515
c08411169,HP Engage 2x20 Customer Facing Display,RIS,Display,,,https://www8.hp.com/h20195/v2/GetDocument.aspx?docname=c08411169
c07072830,HP Engage One Pro Fingerprint Reader,RIS,Other Accessories,,,https://www8.hp.com/h20195/v2/GetDocument.aspx?docname=c07072830
c08409209,HP Engage 2D G2 Barcode Scanner,RIS,Scanner,,,https://www8.hp.com/h20195/v2/GetDocument.aspx?docname=c08409209
c06596847,Datalogic Magellan 1500i Presentation Scanner,RIS,Scanner,,,https://www8.hp.com/h20195/v2/GetDocument.aspx?docname=c06596847
c04123365,HP POS Keyboard with Magnetic Stripe Reader,RIS,Keyboard,,,https://www8.hp.com/h20195/v2/GetDocument.aspx?docname=c04123365
c05573121,HP Engage One Fingerprint Reader,RIS,Other Accessories,,,https://www8.hp.com/h20195/v2/GetDocument.aspx?docname=c05573121
c08310350,HP P27h G5 FHD Monitor,Displays,Pro Displays,G5,,https://www8.hp.com/h20195/v2/GetDocument.aspx?docname=c08310350
c09037964,HP Series 5 Pro 27 inch QHD USB-C Monitor - 527pu,Displays,Series 5,,,https://www8.hp.com/h20195/v2/GetDocument.aspx?docname=c09037964
c08580055,HP ZBook Fury G10 Mobile Workstation PC,Mobile Workstations,ZBook,G10,,https://www8.hp.com/h20195/v2/GetDocument.aspx?docname=c08580055
c08406316,HP Pro x360 Fortis 11 inch G11 Notebook PC,Notebooks,Fortis,G11,,https://www8.hp.com/h20195/v2/GetDocument.aspx?docname=c08406316
c08954642,HP ZBook Power 16 inch G11 Mobile Workstation PC,Mobile Workstations,ZBook,G11,,https://www8.hp.com/h20195/v2/GetDocument.aspx?docname=c08954642
c08060742,HP Pro Mini 260 G9 Desktop PC,Desktops,200 Series,G9,,https://www8.hp.com/h20195/v2/GetDocument.aspx?docname=c08060742
c09073630,HP Fortis G1m 11 inch Chromebook,Notebooks,ChromeBook,G1m,,https://www8.hp.com/h20195/v2/GetDocument.aspx?docname=c09073630
c09073635,HP Fortis G1i 11 inch Chromebook,Notebooks,ChromeBook,G1i,,https://www8.hp.com/h20195/v2/GetDocument.aspx?docname=c09073635
c08133181,HP Engage One Prime Cash Drawer,RIS,Cash Drawer,,,https://www8.hp.com/h20195/v2/GetDocument.aspx?docname=c08133181
c09073632,HP Fortis Flip G1i 11 inch Notebook PC,Notebooks,Fortis,G1i,,https://www8.hp.com/h20195/v2/GetDocument.aspx?docname=c09073632
c08660924,HP Engage Flex Pro G2 and Engage Flex Pro C G2 Retail System,RIS,Engage,G2,,https://www8.hp.com/h20195/v2/GetDocument.aspx?docname=c08660924
c08923221,HP ZBook Firefly 14 inch G11 Mobile Workstation PC,Mobile Workstations,ZBook,G11,,https://www8.hp.com/h20195/v2/GetDocument.aspx?docname=c08923221
c08410991,"HP Engage Go 13.5 Convertible System""",RIS,Engage,,,https://www8.hp.com/h20195/v2/GetDocument.aspx?docname=c08410991
c08628727,HP Pro Tower 290 G9 PCI Desktop PC,Desktops,200 Series,G9,,https://www8.hp.com/h20195/v2/GetDocument.aspx?docname=c08628727
c08893148,HP Series 7 Pro 27 inch 4K Conferencing Monitor - 727pm,Displays,Series 7,,,https://www8.hp.com/h20195/v2/GetDocument.aspx?docname=c08893148
c08893147,HP Series 7 Pro 27 inch 4K Thunderbolt 4 Monitor - 727pk,Displays,Series 7,,,https://www8.hp.com/h20195/v2/GetDocument.aspx?docname=c08893147
c08905304,HP 240R 14 inch G9 Notebook PC,Notebooks,200 Series,G9,,https://www8.hp.com/h20195/v2/GetDocument.aspx?docname=c08905304
c08479494,HP 240 14 inch G10 Notebook PC,Notebooks,200 Series,G10,,https://www8.hp.com/h20195/v2/GetDocument.aspx?docname=c08479494
c09135496,HP Engage Flex Mini G2,RIS,Engage,G2,,https://www8.hp.com/h20195/v2/GetDocument.aspx?docname=c09135496
c08049276,HP EliteBook x360 1040 14 inch G9 2-in-1 Notebook PC,Notebooks,EliteBook,G9,,https://www8.hp.com/h20195/v2/GetDocument.aspx?docname=c08049276
c08017463,HP 240 14 inch G9 Notebook PC,Notebooks,200 Series,G9,,https://www8.hp.com/h20195/v2/GetDocument.aspx?docname=c08017463
c08007866,"HP EliteBook 650 15.6 G9 Notebook PC""",Notebooks,EliteBook,G9,,https://www8.hp.com/h20195/v2/GetDocument.aspx?docname=c08007866
c08017464,HP 245 14 inch G9 Notebook PC,Notebooks,200 Series,G9,,https://www8.hp.com/h20195/v2/GetDocument.aspx?docname=c08017464
c06978059,HP Chromebook 11 G9 EE,Notebooks,ChromeBook,G9,,https://www8.hp.com/h20195/v2/GetDocument.aspx?docname=c06978059
c06978061,HP Chromebook 14 G7,Notebooks,ChromeBook,G7,,https://www8.hp.com/h20195/v2/GetDocument.aspx?docname=c06978061
c08552777,HP ZBook Firefly 14 inch G10 Mobile Workstation PC,Mobile Workstations,ZBook,G10,,https://www8.hp.com/h20195/v2/GetDocument.aspx?docname=c08552777
c08438688,HP EliteBook 655 15.6 inch G10 Notebook PC,Notebooks,EliteBook,G10,,https://www8.hp.com/h20195/v2/GetDocument.aspx?docname=c08438688
c04126958,HP Standard Duty and USB Standard Duty Cash Drawer,RIS,Cash Drawer,,,https://www8.hp.com/h20195/v2/GetDocument.aspx?docname=c04126958
c06969250,HP EliteBook x360 830 G8 Notebook PC,Notebooks,EliteBook,G8,Yes,https://www8.hp.com/h20195/v2/GetDocument.aspx?docname=c06969250
c08854784,Epson TM-T88VII Thermal Receipt Printer,RIS,Printer,,,https://www8.hp.com/h20195/v2/GetDocument.aspx?docname=c08854784
c08007864,"HP EliteBook 630 13.3 G9 Notebook PC""",Notebooks,EliteBook,G9,,https://www8.hp.com/h20195/v2/GetDocument.aspx?docname=c08007864
c05573243,HP Engage One All-in-One System,RIS,Engage,,,https://www8.hp.com/h20195/v2/GetDocument.aspx?docname=c05573243
c05814610,HP Z32 4K UHD Display,Displays,Z Displays,,,https://www8.hp.com/h20195/v2/GetDocument.aspx?docname=c05814610
c05389395,HP EliteOne 800 G3 AIO Adjustable Height Stand,Desktops,EliteOne,G3,,https://www8.hp.com/h20195/v2/GetDocument.aspx?docname=c05389395
c06469336,HP Thunderbolt 3.0 PCIe Card,Workstations,Accessories,,,https://www8.hp.com/h20195/v2/GetDocument.aspx?docname=c06469336
c06914243,HP Z2 Small Form Factor G5 Workstation,Workstations,Desktop Workstation,G5,,https://www8.hp.com/h20195/v2/GetDocument.aspx?docname=c06914243
c08747078,HP Z Turbo Drive Quad Pro PCIe-4x16 NVMe Carrier,Workstations,Accessories,,,https://www8.hp.com/h20195/v2/GetDocument.aspx?docname=c08747078
c05389400,HP USB Business Slim Smartcard Keyboard,Desktops,Accessories,,,https://www8.hp.com/h20195/v2/GetDocument.aspx?docname=c05389400
c08423213,HP E45c G5 DQHD Curved Monitor,Displays,Elite Displays,G5,,https://www8.hp.com/h20195/v2/GetDocument.aspx?docname=c08423213
c08392792,HP E22 G5 FHD Monitor,Displays,Elite Displays,G5,,https://www8.hp.com/h20195/v2/GetDocument.aspx?docname=c08392792
c06978060,HP Chromebook x360 11 G4 EE,Notebooks,ChromeBook,G4,,https://www8.hp.com/h20195/v2/GetDocument.aspx?docname=c06978060
c07316508,HP Engage 14 FHD Monitor/HP Engage 14t FHD Monitor,RIS,Display,,,https://www8.hp.com/h20195/v2/GetDocument.aspx?docname=c07316508
c06431211,Epson TM-m30 Ethernet USB Printer,RIS,Printer,,,https://www8.hp.com/h20195/v2/GetDocument.aspx?docname=c06431211
c06457091,Epson TM-m30 (Japan Only),RIS,Printer,,,https://www8.hp.com/h20195/v2/GetDocument.aspx?docname=c06457091
c08876529,HP Series 7 Pro 724pu,Displays,Series 7,,,https://www8.hp.com/h20195/v2/GetDocument.aspx?docname=c08876529
c08854782,HP Series 7 Pro 31.5 inch 4K Thunderbolt 4 Monitor - 732pk,Displays,Series 7,,,https://www8.hp.com/h20195/v2/GetDocument.aspx?docname=c08854782
c08893320,HP USB Business Slim Smartcard Keyboard - Brazil,Desktops,Accessories,,,https://www8.hp.com/h20195/v2/GetDocument.aspx?docname=c08893320
c08310349,HP P27 G5 FHD Monitor,Displays,Pro Displays,G5,,https://www8.hp.com/h20195/v2/GetDocument.aspx?docname=c08310349
c06543416,HP 205 G4 22 All-in-One PC,Desktops,200 Series,G4,,https://www8.hp.com/h20195/v2/GetDocument.aspx?docname=c06543416
c07029155,HP EliteDesk 805 G8 Desktops PCs,Desktops,EliteDesk,G8,,https://www8.hp.com/h20195/v2/GetDocument.aspx?docname=c07029155
c07065967,HP Z2 Small Form Factor G8 Workstation,Workstations,Desktop Workstation,G8,,https://www8.hp.com/h20195/v2/GetDocument.aspx?docname=c07065967
c06461733,WW DIS - HP P24h G4 23.8-inch Monitor - 10/02 - EN,Displays,Pro Displays,G4,Yes,https://www8.hp.com/h20195/v2/GetDocument.aspx?docname=c06461733
c06956483,HP E24d G4 FHD USB-C Conferencing Monitor,Displays,Elite Displays,G4,,https://www8.hp.com/h20195/v2/GetDocument.aspx?docname=c06956483
c06630565,HP Reverb G2 Virtual Reality Headset,Workstations,VR,,,https://www8.hp.com/h20195/v2/GetDocument.aspx?docname=c06630565
c07057403,HP Z1 G8 Tower Desktop PC,Workstations,Desktop Workstation,G8,,https://www8.hp.com/h20195/v2/GetDocument.aspx?docname=c07057403
c07065867,HP Z2 Tower G8 Workstation,Workstations,Desktop Workstation,G8,,https://www8.hp.com/h20195/v2/GetDocument.aspx?docname=c07065867
c06674861,HP 205 G4 24 All-in-One PC,Desktops,200 Series,G4,,https://www8.hp.com/h20195/v2/GetDocument.aspx?docname=c06674861
c06951158,HP Z27q G3 QHD Display,Displays,Z Displays,G3,,https://www8.hp.com/h20195/v2/GetDocument.aspx?docname=c06951158
c07870878,HP Z40c G3 WUHD Curved Display,Displays,Z Displays,G3,,https://www8.hp.com/h20195/v2/GetDocument.aspx?docname=c07870878
c06922715,HP E23 G4 FHD Monitor,Displays,Elite Displays,G4,,https://www8.hp.com/h20195/v2/GetDocument.aspx?docname=c06922715
c06951537,HP Z24n G3 WUXGA Display,Displays,Z Displays,G3,,https://www8.hp.com/h20195/v2/GetDocument.aspx?docname=c06951537
c06973544,HP Z27u G3 QHD USB-C Display,Displays,Z Displays,G3,,https://www8.hp.com/h20195/v2/GetDocument.aspx?docname=c06973544
c07318697,HP Engage 16t FHD Monitor/HP Engage 16t FHD MSR Monitor,RIS,Display,,,https://www8.hp.com/h20195/v2/GetDocument.aspx?docname=c07318697
c07660323,HP Z34c G3 WQHD USB-C Curved Display,Displays,Z Displays,G3,,https://www8.hp.com/h20195/v2/GetDocument.aspx?docname=c07660323
c04168399,HP Security Accessories,Notebooks,Accessories,,,https://www8.hp.com/h20195/v2/GetDocument.aspx?docname=c04168399
c06043763,HP ProOne G4 Height Adjustable Stand,Desktops,ProOne,G4,,https://www8.hp.com/h20195/v2/GetDocument.aspx?docname=c06043763
c06264670,HP 290 G2 Microtower Business PC,Desktops,200 Series,G2,,https://www8.hp.com/h20195/v2/GetDocument.aspx?docname=c06264670
c05941107,HP Chromebox G2,Desktops,Chromebox,G2,,https://www8.hp.com/h20195/v2/GetDocument.aspx?docname=c05941107
c05572133,HP ProBook 430 G5 Notebook PC,Notebooks,ProBook,G5,Yes,https://www8.hp.com/h20195/v2/GetDocument.aspx?docname=c05572133
c06269801,HP ProDesk 405 G4 Desktop Mini Business PC,Desktops,ProDesk,G4,,https://www8.hp.com/h20195/v2/GetDocument.aspx?docname=c06269801
c08049274,HP Elite 830 x360 13.3 inch G9 2-in-1 Notebook PC,Notebooks,Elitebook,G9,,https://www8.hp.com/h20195/v2/GetDocument.aspx?docname=c08049274
c07928667,HP Engage One Essential All-in-One System,RIS,Engage,,,https://www8.hp.com/h20195/v2/GetDocument.aspx?docname=c07928667
c08406315,HP Fortis x360 11 inch G3 J Chromebook,Notebooks,ChromeBook,G3,,https://www8.hp.com/h20195/v2/GetDocument.aspx?docname=c08406315
c08336129,HP Elite mt645 G7 Mobile Thin Client,Thin Clients,Mobile Thin Client,,,https://www8.hp.com/h20195/v2/GetDocument.aspx?docname=c08336129
c08049275,"HP EliteBook 1040 14 G9 Notebook PC""",Notebooks,EliteBook,G9,,https://www8.hp.com/h20195/v2/GetDocument.aspx?docname=c08049275
c08135041,HP Thunderbolt G4 Dock,Docks,Thunderbolt,G4,,https://www8.hp.com/h20195/v2/GetDocument.aspx?docname=c08135041
c09146969,HP Thunderbolt 4 Ultra 280W TAA G6 Dock,Docks,Thunderbolt,G6,,https://www8.hp.com/h20195/v2/GetDocument.aspx?docname=c09146969
c08138401,HP Presence Meeting Space Solutions with Zoom Rooms,Desktops,Presence,,,https://www8.hp.com/h20195/v2/GetDocument.aspx?docname=c08138401
c09120490,HP Thunderbolt 4 100W G6 Dock,Docks,Thunderbolt,G6,,https://www8.hp.com/h20195/v2/GetDocument.aspx?docname=c09120490
c04123334,HP Mobile Broadband Modules,Notebooks,Accessories,,,https://www8.hp.com/h20195/v2/GetDocument.aspx?docname=c04123334
c08308931,HP Presence See 4K AI Camera and See Table Lock Kits,Desktops,Presence,,,https://www8.hp.com/h20195/v2/GetDocument.aspx?docname=c08308931
c08376528,HP Presence Control Table Mount Kit & HP Presence Control Wall Mount Kit,Desktops,Presence,,,https://www8.hp.com/h20195/v2/GetDocument.aspx?docname=c08376528
c04573649,HP Desktop Mini PC Accessories,Desktops,Accessories,,,https://www8.hp.com/h20195/v2/GetDocument.aspx?docname=c04573649
c09102586,HP ProBook 4 G1i 14 inch Notebook AI PC,Notebooks,ProBook,G1i,,https://www8.hp.com/h20195/v2/GetDocument.aspx?docname=c09102586
c09097609,HP EliteBook 8 Flip G1i 13 inch Notebook AI PC,Notebooks,EliteBook,G1i,,https://www8.hp.com/h20195/v2/GetDocument.aspx?docname=c09097609
c09097611,HP EliteBook 8 G1i 14 inch Notebook Next Gen AI PC,Notebooks,EliteBook,G1i,,https://www8.hp.com/h20195/v2/GetDocument.aspx?docname=c09097611
c09102585,HP ProBook 4 G1q 14 inch Notebook Next Gen AI PC,Notebooks,ProBook,G1q,,https://www8.hp.com/h20195/v2/GetDocument.aspx?docname=c09102585
c08628726,HP ProOne 240 23.8 inch G10 All-in-One Desktop PC,Desktops,ProOne,G10,,https://www8.hp.com/h20195/v2/GetDocument.aspx?docname=c08628726
c08915500,HP ProBook 440 14 inch G11 Notebook PC,Notebooks,ProBook,G11,,https://www8.hp.com/h20195/v2/GetDocument.aspx?docname=c08915500
c08017769,HP Elite Series 800 G9 Desktops PCs,Desktops,EliteDesk,G9,,https://www8.hp.com/h20195/v2/GetDocument.aspx?docname=c08017769
c09120197,HP EliteBook 8 G1a 13 inch Notebook Next Gen AI PC,Notebooks,EliteBook,G1a,,https://www8.hp.com/h20195/v2/GetDocument.aspx?docname=c09120197
c09120196,HP EliteBook 8 G1a 13 inch Notebook AI PC,Notebooks,EliteBook,G1a,,https://www8.hp.com/h20195/v2/GetDocument.aspx?docname=c09120196
c09073636,HP Fortis Flip G1i 11 inch Chromebook,Notebooks,ChromeBook,G1i,,https://www8.hp.com/h20195/v2/GetDocument.aspx?docname=c09073636
c08017710,HP Elite Series 600 G9 Desktops PCs,Desktops,EliteDesk,G9,,https://www8.hp.com/h20195/v2/GetDocument.aspx?docname=c08017710
c08915792,HP EliteBook 630 13 inch G11 Notebook PC,Notebooks,EliteBook,G11,,https://www8.hp.com/h20195/v2/GetDocument.aspx?docname=c08915792
c09168549,HP ProStudio 4 G1i DVD-Writer EXT ODD,Desktops,Accessories,,,https://www8.hp.com/h20195/v2/GetDocument.aspx?docname=c09168549
c09080731,HP EliteBook X Flip G1i 14 inch Notebook Next Gen AI PC,Notebooks,EliteBook,G1i,,https://www8.hp.com/h20195/v2/GetDocument.aspx?docname=c09080731
c08945857,HP EliteBook 635 Aero G11 Notebook PC,Notebooks,EliteBook,G11,,https://www8.hp.com/h20195/v2/GetDocument.aspx?docname=c08945857
c09133731,HP ZBook 8 G1i 14 Mobile Workstation,Mobile Workstations,ZBook,G1i,,https://www8.hp.com/h20195/v2/GetDocument.aspx?docname=c09133731
c09111178,HP EliteBook 6 G1a 14 inch Notebook Next Gen AI PC,Notebooks,EliteBook,G1a,,https://www8.hp.com/h20195/v2/GetDocument.aspx?docname=c09111178
c09111177,HP EliteBook 6 G1a 14 inch Notebook AI PC,Notebooks,EliteBook,G1a,,https://www8.hp.com/h20195/v2/GetDocument.aspx?docname=c09111177
c08893140,HP EliteBook 835 13 inch G11 Notebook PC,Notebooks,EliteBook,G11,,https://www8.hp.com/h20195/v2/GetDocument.aspx?docname=c08893140
c08480165,HP ProBook 450 15 inch G10 Notebook PC,Notebooks,ProBook,G10,,https://www8.hp.com/h20195/v2/GetDocument.aspx?docname=c08480165
c08818350,HP Fortis 14 inch G11 Chromebook,Notebooks,Chromebook,G11,,https://www8.hp.com/h20195/v2/GetDocument.aspx?docname=c08818350
c09080730,HP EliteBook X G1i 14 inch Notebook Next Gen AI PC,Notebooks,EliteBook,G1i,,https://www8.hp.com/h20195/v2/GetDocument.aspx?docname=c09080730
c09073622,HP Series 5 23.8 inch FHD Monitor - 524da,Displays,Series 5,,,https://www8.hp.com/h20195/v2/GetDocument.aspx?docname=c09073622
c09180289,HP Business Slim v2 Smart Card USB Keyboard,Desktops,Accessories,,,https://www8.hp.com/h20195/v2/GetDocument.aspx?docname=c09180289
c07727081,"HP Engage Go 10 Mobile System""",RIS,Engage,,,https://www8.hp.com/h20195/v2/GetDocument.aspx?docname=c07727081
c09153575,HP ZBook Fury G1i 16 inch Mobile Workstation PC,Mobile Workstations,ZBook,G1i,,https://www8.hp.com/h20195/v2/GetDocument.aspx?docname=c09153575
c09094897,HP Engage One Pro G2 All-In-One system,RIS,Engage,G2,,https://www8.hp.com/h20195/v2/GetDocument.aspx?docname=c09094897
c08854791,HP Elite t755 Thin Client,Thin Clients,Thin Client,,,https://www8.hp.com/h20195/v2/GetDocument.aspx?docname=c08854791
c09010549,HP Elite mt645 G8 Mobile Thin Client,Thin Clients,Mobile Thin Client,,,https://www8.hp.com/h20195/v2/GetDocument.aspx?docname=c09010549
c04164169,HP Cable Lock Solutions for Business Notebook PCs,Notebooks,Accessories,,,https://www8.hp.com/h20195/v2/GetDocument.aspx?docname=c04164169
c08409082,HP Pro t550 Thin Client,Thin Clients,Thin Client,,,https://www8.hp.com/h20195/v2/GetDocument.aspx?docname=c08409082
c09053763,HP 240R 14 inch G10 Notebook PC,Notebooks,200 Series,G10,,https://www8.hp.com/h20195/v2/GetDocument.aspx?docname=c09053763
c09053764,HP 250R 15.6 inch G10 Notebook PC,Notebooks,200 Series,G10,,https://www8.hp.com/h20195/v2/GetDocument.aspx?docname=c09053764
c06712909,HP FLEX IO v3 Option Cards,Desktops,Accessories,,,https://www8.hp.com/h20195/v2/GetDocument.aspx?docname=c06712909
c04276879,HP 355 G2 QuickSpecs,Notebooks,ProBook,G2,Yes,https://www8.hp.com/h20195/v2/GetDocument.aspx?docname=c04276879
c04329644,HP 355 G2 Notebook PC Datasheet,Notebooks,ProBook,G2,Yes,https://www8.hp.com/h20195/v2/GetDocument.aspx?docname=c04329644
c04333719,HP ProBook 430 G2 QuickSpecs,Notebooks,ProBook,G2,Yes,https://www8.hp.com/h20195/v2/GetDocument.aspx?docname=c04333719
c04363469,HP Chromebook 11 G2 QuickSpecs,Notebooks,ChromeBook,G2,Yes,https://www8.hp.com/h20195/v2/GetDocument.aspx?docname=c04363469
c04382807,HP EliteDesk 700 G1 Business PC Series QuickSpecs,Desktops,EliteDesk,G1,Yes,https://www8.hp.com/h20195/v2/GetDocument.aspx?docname=c04382807
c06441591,HP 280 G4 Small Form Factor Business PC,Desktops,200 Series,G4,,https://www8.hp.com/h20195/v2/GetDocument.aspx?docname=c06441591
c06441818,HP 280 G5 Microtower Business PC,Desktops,200 Series,G5,,https://www8.hp.com/h20195/v2/GetDocument.aspx?docname=c06441818
c06469473,HP 290 G2 Small Form Factor Business PC,Desktops,200 Series,G2,,https://www8.hp.com/h20195/v2/GetDocument.aspx?docname=c06469473
c06469528,HP 290 G3 Microtower Business PC,Desktops,200 Series,G3,,https://www8.hp.com/h20195/v2/GetDocument.aspx?docname=c06469528
c06590382,HP 280 G6 Microtower Business PC,Desktops,200 Series,G6,,https://www8.hp.com/h20195/v2/GetDocument.aspx?docname=c06590382
c06590421,HP 290 G4 Microtower PC,Desktops,200 Series,G4,,https://www8.hp.com/h20195/v2/GetDocument.aspx?docname=c06590421
c06711651,HP ProDesk 405 G6 DM / SFF,Desktops,ProDesk,G6,,https://www8.hp.com/h20195/v2/GetDocument.aspx?docname=c06711651
c06718495,HP Collaboration PC G6 with Zoom Rooms,Desktops,Presence,G6,Yes,https://www8.hp.com/h20195/v2/GetDocument.aspx?docname=c06718495
c06718498,HP EliteDesk 805 G6 Business Desktops PCs,Desktops,EliteDesk,G6,,https://www8.hp.com/h20195/v2/GetDocument.aspx?docname=c06718498
c06724395,HP Chromebox Enterprise G3,Desktops,Chromebox,G3,,https://www8.hp.com/h20195/v2/GetDocument.aspx?docname=c06724395
c06724396,HP Chromebox G3,Desktops,Chromebox,G3,,https://www8.hp.com/h20195/v2/GetDocument.aspx?docname=c06724396
c06887165,HP Collaboration G6 24 and 27 All-in-One with Zoom Rooms,Desktops,Presence,G6,Yes,https://www8.hp.com/h20195/v2/GetDocument.aspx?docname=c06887165
c06953089,HP Desktop Pro G6 Microtower PC,Desktops,Desktop,G6,,https://www8.hp.com/h20195/v2/GetDocument.aspx?docname=c06953089
c07722482,HP 205 G8 24 All-in-One PC,Desktops,200 Series,G8,,https://www8.hp.com/h20195/v2/GetDocument.aspx?docname=c07722482
c08138298,HP Presence Meeting Space Solutions with Microsoft Teams Rooms,Desktops,Presence,,,https://www8.hp.com/h20195/v2/GetDocument.aspx?docname=c08138298
c08202581,HP ProOne 240 23.8 inch G9 All-in-One Desktop PC,Desktops,ProOne,G9,,https://www8.hp.com/h20195/v2/GetDocument.aspx?docname=c08202581
c08210038,HP ProOne 240 23.8 inch G9 All-in-One Desktop PC,Desktops,ProOne,G9,,https://www8.hp.com/h20195/v2/GetDocument.aspx?docname=c08210038
c08386706,"HP 34"" All-in-One Desktop PC",Desktops,Desktop,,,https://www8.hp.com/h20195/v2/GetDocument.aspx?docname=c08386706
c05574097,HP Z22n G2 21.5-inch Display,Displays,Z Displays,G2,Yes,https://www8.hp.com/h20195/v2/GetDocument.aspx?docname=c05574097
c05738162,HP Z27n G2 27-inch Display,Displays,Z Displays,G2,Yes,https://www8.hp.com/h20195/v2/GetDocument.aspx?docname=c05738162
c05738235,HP Z24n G2 24-inch Display,Displays,Z Displays,G2,Yes,https://www8.hp.com/h20195/v2/GetDocument.aspx?docname=c05738235
c05915532,HP Pro 8 Tablet with Voice with Mantra mDESK8-Quickspec,0,0,,Yes,https://www8.hp.com/h20195/v2/GetDocument.aspx?docname=c05915532
c05979335,HP 280 G3 Small Form Factor Business PC,Desktops,200 Series,G3,Yes,https://www8.hp.com/h20195/v2/GetDocument.aspx?docname=c05979335
c06524352,WW NB - HP Chromebook Enterprise 14 G6 - 12/13 - EN,Notebooks,ChromeBook,G6,Yes,https://www8.hp.com/h20195/v2/GetDocument.aspx?docname=c06524352
c06699548,WW NB - HP Elite c1030 Chromebook Enterprise - 07/15 - EN,Notebooks,ChromeBook,,Yes,https://www8.hp.com/h20195/v2/GetDocument.aspx?docname=c06699548
4aa7-4692eep,Quick Specs for HP Engage One Prime Cash Drawer,RIS,Engage,,Yes,https://www8.hp.com/h20195/v2/GetDocument.aspx?docname=4aa7-4692eep
c04375534,HP USB to Serial Adapter,Desktops,Accessories,,,https://www8.hp.com/h20195/v2/GetDocument.aspx?docname=c04375534
c05810452,HP Turbo Drive G2 TLC 512GB Drive,Workstations,Accessories,,,https://www8.hp.com/h20195/v2/GetDocument.aspx?docname=c05810452
c06220106,AMD Radeon™ RX550X 4GB LP DisplayPort™ Card,Displays,Display,,Yes,https://www8.hp.com/h20195/v2/GetDocument.aspx?docname=c06220106
c06525676,HP USB Type-C Extension Cable Kit (5M),Desktops,Accessories,,,https://www8.hp.com/h20195/v2/GetDocument.aspx?docname=c06525676
c06712735,"HP 400/600 MT 2nd 3.5"" HDD cage",Desktops,Accessories,,,https://www8.hp.com/h20195/v2/GetDocument.aspx?docname=c06712735
c06953090,HP Desktop Pro 300 G6 Microtower PC,Desktops,Desktop,G6,,https://www8.hp.com/h20195/v2/GetDocument.aspx?docname=c06953090
c06953446,HP All-in-One 800 G6 Stands,Desktops,Accessories,,,https://www8.hp.com/h20195/v2/GetDocument.aspx?docname=c06953446
c06953447,HP ProOne G6 Adjustable Height Stand,Desktops,ProOne,G6,,https://www8.hp.com/h20195/v2/GetDocument.aspx?docname=c06953447
c08331970,HP ProOne G9 VESA Plate with Power Supply Holder,Desktops,ProOne,G9,,https://www8.hp.com/h20195/v2/GetDocument.aspx?docname=c08331970
c08376464,HP Presence 15m Type-C Cable Kit and HP Presence 30m Type-C Cable Kit,Desktops,Presence,,Yes,https://www8.hp.com/h20195/v2/GetDocument.aspx?docname=c08376464
c09207707,HP USB-C 100W G6 Dock,Docks,Dock,G6,,https://www8.hp.com/h20195/v2/GetDocument.aspx?docname=c09207707
c09207708,HP USB-C 100W TAA G6 Dock,Docks,Dock,G6,,https://www8.hp.com/h20195/v2/GetDocument.aspx?docname=c09207708
c04558374,HP Unified Communications and Collaboration Devices,Desktops,Presence,,Yes,https://www8.hp.com/h20195/v2/GetDocument.aspx?docname=c04558374
c05573122,HP Engage One Serial USB Thermal Printer,RIS,Printer,,,https://www8.hp.com/h20195/v2/GetDocument.aspx?docname=c05573122
c06496220,ENS Genesis Stand,RIS,Other Accessories,,,https://www8.hp.com/h20195/v2/GetDocument.aspx?docname=c06496220
c08371895,HP Engage Column Printer G2,RIS,Printer,,,https://www8.hp.com/h20195/v2/GetDocument.aspx?docname=c08371895
c09002127,Datalogic Magellan 900i Presentation Scanner,RIS,Scanner,,,https://www8.hp.com/h20195/v2/GetDocument.aspx?docname=c09002127
c09048284,Epson TM-H6000VI Hybrid Printer with Check Processing,RIS,Printer,,,https://www8.hp.com/h20195/v2/GetDocument.aspx?docname=c09048284
c09201687,HP Engage USB Extender,RIS,Other Accessories,,,https://www8.hp.com/h20195/v2/GetDocument.aspx?docname=c09201687
c09205360,HP Engage Indicator Light,RIS,Other Accessories,,,https://www8.hp.com/h20195/v2/GetDocument.aspx?docname=c09205360
c09205364,HP Black No Retail I/O Connectivity Base,RIS,Other Accessories,,,https://www8.hp.com/h20195/v2/GetDocument.aspx?docname=c09205364
c09219425,HP Engage Prime G2 Barcode Scanner,RIS,Scanner,,,https://www8.hp.com/h20195/v2/GetDocument.aspx?docname=c09219425
c09220352,HP AI Accelerator M.2 Card,RIS,Other Accessories,,,https://www8.hp.com/h20195/v2/GetDocument.aspx?docname=c09220352
c06936517,HP mt46 Mobile Thin Client,Thin Clients,Mobile Thin Client,,,https://www8.hp.com/h20195/v2/GetDocument.aspx?docname=c06936517
c06953710,HP mt32 Mobile Thin Client,Thin Clients,Mobile Thin Client,,,https://www8.hp.com/h20195/v2/GetDocument.aspx?docname=c06953710
c09222532,HP ProDesk 5 G1 Thin Client,Thin Clients,Thin Client,G1,,https://www8.hp.com/h20195/v2/GetDocument.aspx?docname=c09222532
4aa7-7185enw,HP ZCentral Remote Boost 2022 Quick Specs,Workstations,Accessories,,Yes,https://www8.hp.com/h20195/v2/GetDocument.aspx?docname=4aa7-7185enw
4aa7-7186enw,HP ZCentral Connect 2022 Quick Specs,Workstations,Accessories,,Yes,https://www8.hp.com/h20195/v2/GetDocument.aspx?docname=4aa7-7186enw
c06274598,HP VR Backpack G2,Workstations,VR,,,https://www8.hp.com/h20195/v2/GetDocument.aspx?docname=c06274598
c09212373,HP ZGX Nano G1n AI Station,Workstations,Desktop Workstation,,,https://www8.hp.com/h20195/v2/GetDocument.aspx?docname=c09212373
